start_date,start_hour,datetime_hour,datetime_mod,temperature,wind,precip_
2019-01-01,0,2019-01-01 00:00:00 UTC,2019-01-01 00:56:00 UTC,47 F,12 mph,0.0 in
2019-01-01,1,2019-01-01 01:00:00 UTC,2019-01-01 01:56:00 UTC,46 F,12 mph,0.0 in
2019-01-01,2,2019-01-01 02:00:00 UTC,2019-01-01 02:56:00 UTC,47 F,9 mph,0.0 in
2019-01-01,3,2019-01-01 03:00:00 UTC,2019-01-01 03:56:00 UTC,50 F,9 mph,0.0 in
2019-01-01,4,2019-01-01 04:00:00 UTC,2019-01-01 04:56:00 UTC,50 F,0 mph,0.0 in
2019-01-01,5,2019-01-01 05:00:00 UTC,2019-01-01 05:56:00 UTC,52 F,0 mph,0.0 in
2019-01-01,6,2019-01-01 06:00:00 UTC,2019-01-01 06:56:00 UTC,53 F,0 mph,0.0 in
2019-01-01,7,2019-01-01 07:00:00 UTC,2019-01-01 07:56:00 UTC,54 F,3 mph,0.0 in
2019-01-01,8,2019-01-01 08:00:00 UTC,2019-01-01 08:56:00 UTC,54 F,0 mph,0.0 in
2019-01-01,9,2019-01-01 09:00:00 UTC,2019-01-01 09:56:00 UTC,53 F,5 mph,0.0 in
2019-01-01,10,2019-01-01 10:00:00 UTC,2019-01-01 10:56:00 UTC,50 F,5 mph,0.0 in
2019-01-01,11,2019-01-01 11:00:00 UTC,2019-01-01 11:56:00 UTC,47 F,7 mph,0.0 in
2019-01-01,12,2019-01-01 12:00:00 UTC,2019-01-01 12:56:00 UTC,49 F,8 mph,0.0 in
2019-01-01,13,2019-01-01 13:00:00 UTC,2019-01-01 13:56:00 UTC,49 F,0 mph,0.0 in
2019-01-01,14,2019-01-01 14:00:00 UTC,2019-01-01 14:56:00 UTC,46 F,3 mph,0.0 in
2019-01-01,15,2019-01-01 15:00:00 UTC,2019-01-01 15:56:00 UTC,47 F,0 mph,0.0 in
2019-01-01,16,2019-01-01 16:00:00 UTC,2019-01-01 16:56:00 UTC,44 F,0 mph,0.0 in
2019-01-01,17,2019-01-01 17:00:00 UTC,2019-01-01 17:56:00 UTC,51 F,20 mph,0.0 in
2019-01-01,18,2019-01-01 18:00:00 UTC,2019-01-01 18:56:00 UTC,50 F,18 mph,0.0 in
2019-01-01,19,2019-01-01 19:00:00 UTC,2019-01-01 19:56:00 UTC,49 F,23 mph,0.0 in
2019-01-01,20,2019-01-01 20:00:00 UTC,2019-01-01 20:56:00 UTC,48 F,21 mph,0.0 in
2019-01-01,21,2019-01-01 21:00:00 UTC,2019-01-01 21:56:00 UTC,47 F,6 mph,0.0 in
2019-01-01,22,2019-01-01 22:00:00 UTC,2019-01-01 22:56:00 UTC,48 F,13 mph,0.0 in
2019-01-01,23,2019-01-01 23:00:00 UTC,2019-01-01 23:56:00 UTC,48 F,14 mph,0.0 in
2019-01-02,0,2019-01-02 00:00:00 UTC,2019-01-02 00:56:00 UTC,41 F,5 mph,0.0 in
2019-01-02,1,2019-01-02 01:00:00 UTC,2019-01-02 01:56:00 UTC,44 F,5 mph,0.0 in
2019-01-02,2,2019-01-02 02:00:00 UTC,2019-01-02 02:56:00 UTC,46 F,3 mph,0.0 in
2019-01-02,3,2019-01-02 03:00:00 UTC,2019-01-02 03:56:00 UTC,49 F,3 mph,0.0 in
2019-01-02,4,2019-01-02 04:00:00 UTC,2019-01-02 04:56:00 UTC,50 F,3 mph,0.0 in
2019-01-02,5,2019-01-02 05:00:00 UTC,2019-01-02 05:56:00 UTC,51 F,3 mph,0.0 in
2019-01-02,6,2019-01-02 06:00:00 UTC,2019-01-02 06:56:00 UTC,53 F,0 mph,0.0 in
2019-01-02,7,2019-01-02 07:00:00 UTC,2019-01-02 07:56:00 UTC,54 F,0 mph,0.0 in
2019-01-02,8,2019-01-02 08:00:00 UTC,2019-01-02 08:56:00 UTC,53 F,0 mph,0.0 in
2019-01-02,9,2019-01-02 09:00:00 UTC,2019-01-02 09:56:00 UTC,53 F,0 mph,0.0 in
2019-01-02,10,2019-01-02 10:00:00 UTC,2019-01-02 10:56:00 UTC,54 F,0 mph,0.0 in
2019-01-02,11,2019-01-02 11:00:00 UTC,2019-01-02 11:56:00 UTC,50 F,3 mph,0.0 in
2019-01-02,12,2019-01-02 12:00:00 UTC,2019-01-02 12:56:00 UTC,49 F,0 mph,0.0 in
2019-01-02,13,2019-01-02 13:00:00 UTC,2019-01-02 13:56:00 UTC,46 F,0 mph,0.0 in
2019-01-02,14,2019-01-02 14:00:00 UTC,2019-01-02 14:56:00 UTC,46 F,0 mph,0.0 in
2019-01-02,15,2019-01-02 15:00:00 UTC,2019-01-02 15:56:00 UTC,44 F,0 mph,0.0 in
2019-01-02,16,2019-01-02 16:00:00 UTC,2019-01-02 16:56:00 UTC,44 F,5 mph,0.0 in
2019-01-02,17,2019-01-02 17:00:00 UTC,2019-01-02 17:56:00 UTC,42 F,0 mph,0.0 in
2019-01-02,18,2019-01-02 18:00:00 UTC,2019-01-02 18:56:00 UTC,42 F,0 mph,0.0 in
2019-01-02,19,2019-01-02 19:00:00 UTC,2019-01-02 19:56:00 UTC,41 F,0 mph,0.0 in
2019-01-02,20,2019-01-02 20:00:00 UTC,2019-01-02 20:56:00 UTC,40 F,3 mph,0.0 in
2019-01-02,21,2019-01-02 21:00:00 UTC,2019-01-02 21:56:00 UTC,38 F,5 mph,0.0 in
2019-01-02,22,2019-01-02 22:00:00 UTC,2019-01-02 22:56:00 UTC,42 F,0 mph,0.0 in
2019-01-02,23,2019-01-02 23:00:00 UTC,2019-01-02 23:56:00 UTC,39 F,0 mph,0.0 in
2019-01-03,0,2019-01-03 00:00:00 UTC,2019-01-03 00:56:00 UTC,43 F,0 mph,0.0 in
2019-01-03,1,2019-01-03 01:00:00 UTC,2019-01-03 01:56:00 UTC,44 F,3 mph,0.0 in
2019-01-03,2,2019-01-03 02:00:00 UTC,2019-01-03 02:56:00 UTC,48 F,6 mph,0.0 in
2019-01-03,3,2019-01-03 03:00:00 UTC,2019-01-03 03:56:00 UTC,48 F,5 mph,0.0 in
2019-01-03,4,2019-01-03 04:00:00 UTC,2019-01-03 04:56:00 UTC,48 F,3 mph,0.0 in
2019-01-03,5,2019-01-03 05:00:00 UTC,2019-01-03 05:56:00 UTC,50 F,0 mph,0.0 in
2019-01-03,6,2019-01-03 06:00:00 UTC,2019-01-03 06:56:00 UTC,50 F,6 mph,0.0 in
2019-01-03,7,2019-01-03 07:00:00 UTC,2019-01-03 07:56:00 UTC,53 F,3 mph,0.0 in
2019-01-03,8,2019-01-03 08:00:00 UTC,2019-01-03 08:56:00 UTC,53 F,0 mph,0.0 in
2019-01-03,9,2019-01-03 09:00:00 UTC,2019-01-03 09:56:00 UTC,52 F,0 mph,0.0 in
2019-01-03,10,2019-01-03 10:00:00 UTC,2019-01-03 10:56:00 UTC,50 F,0 mph,0.0 in
2019-01-03,11,2019-01-03 11:00:00 UTC,2019-01-03 11:56:00 UTC,50 F,3 mph,0.0 in
2019-01-03,12,2019-01-03 12:00:00 UTC,2019-01-03 12:56:00 UTC,49 F,7 mph,0.0 in
2019-01-03,13,2019-01-03 13:00:00 UTC,2019-01-03 13:56:00 UTC,49 F,8 mph,0.0 in
2019-01-03,14,2019-01-03 14:00:00 UTC,2019-01-03 14:56:00 UTC,48 F,7 mph,0.0 in
2019-01-03,15,2019-01-03 15:00:00 UTC,2019-01-03 15:56:00 UTC,45 F,0 mph,0.0 in
2019-01-03,16,2019-01-03 16:00:00 UTC,2019-01-03 16:56:00 UTC,45 F,3 mph,0.0 in
2019-01-03,17,2019-01-03 17:00:00 UTC,2019-01-03 17:56:00 UTC,44 F,0 mph,0.0 in
2019-01-03,18,2019-01-03 18:00:00 UTC,2019-01-03 18:56:00 UTC,41 F,0 mph,0.0 in
2019-01-03,19,2019-01-03 19:00:00 UTC,2019-01-03 19:56:00 UTC,40 F,3 mph,0.0 in
2019-01-03,20,2019-01-03 20:00:00 UTC,2019-01-03 20:56:00 UTC,40 F,3 mph,0.0 in
2019-01-03,21,2019-01-03 21:00:00 UTC,2019-01-03 21:56:00 UTC,40 F,3 mph,0.0 in
2019-01-03,22,2019-01-03 22:00:00 UTC,2019-01-03 22:56:00 UTC,40 F,0 mph,0.0 in
2019-01-03,23,2019-01-03 23:00:00 UTC,2019-01-03 23:56:00 UTC,40 F,6 mph,0.0 in
2019-01-04,0,2019-01-04 00:00:00 UTC,2019-01-04 00:56:00 UTC,41 F,0 mph,0.0 in
2019-01-04,1,2019-01-04 01:00:00 UTC,2019-01-04 01:56:00 UTC,44 F,3 mph,0.0 in
2019-01-04,2,2019-01-04 02:00:00 UTC,2019-01-04 02:56:00 UTC,48 F,3 mph,0.0 in
2019-01-04,3,2019-01-04 03:00:00 UTC,2019-01-04 03:56:00 UTC,49 F,0 mph,0.0 in
2019-01-04,4,2019-01-04 04:00:00 UTC,2019-01-04 04:56:00 UTC,49 F,3 mph,0.0 in
2019-01-04,5,2019-01-04 05:00:00 UTC,2019-01-04 05:56:00 UTC,50 F,3 mph,0.0 in
2019-01-04,6,2019-01-04 06:00:00 UTC,2019-01-04 06:56:00 UTC,51 F,3 mph,0.0 in
2019-01-04,7,2019-01-04 07:00:00 UTC,2019-01-04 07:56:00 UTC,58 F,5 mph,0.0 in
2019-01-04,8,2019-01-04 08:00:00 UTC,2019-01-04 08:56:00 UTC,63 F,5 mph,0.0 in
2019-01-04,9,2019-01-04 09:00:00 UTC,2019-01-04 09:56:00 UTC,57 F,6 mph,0.0 in
2019-01-04,10,2019-01-04 10:00:00 UTC,2019-01-04 10:56:00 UTC,57 F,0 mph,0.0 in
2019-01-04,11,2019-01-04 11:00:00 UTC,2019-01-04 11:56:00 UTC,59 F,0 mph,0.0 in
2019-01-04,12,2019-01-04 12:00:00 UTC,2019-01-04 12:56:00 UTC,50 F,5 mph,0.0 in
2019-01-04,13,2019-01-04 13:00:00 UTC,2019-01-04 13:56:00 UTC,53 F,14 mph,0.0 in
2019-01-04,14,2019-01-04 14:00:00 UTC,2019-01-04 14:56:00 UTC,52 F,12 mph,0.0 in
2019-01-04,15,2019-01-04 15:00:00 UTC,2019-01-04 15:56:00 UTC,50 F,8 mph,0.0 in
2019-01-04,16,2019-01-04 16:00:00 UTC,2019-01-04 16:56:00 UTC,50 F,8 mph,0.0 in
2019-01-04,17,2019-01-04 17:00:00 UTC,2019-01-04 17:56:00 UTC,43 F,5 mph,0.0 in
2019-01-04,18,2019-01-04 18:00:00 UTC,2019-01-04 18:56:00 UTC,43 F,3 mph,0.0 in
2019-01-04,19,2019-01-04 19:00:00 UTC,2019-01-04 19:56:00 UTC,41 F,0 mph,0.0 in
2019-01-04,20,2019-01-04 20:00:00 UTC,2019-01-04 20:56:00 UTC,42 F,0 mph,0.0 in
2019-01-04,21,2019-01-04 21:00:00 UTC,2019-01-04 21:56:00 UTC,41 F,3 mph,0.0 in
2019-01-04,22,2019-01-04 22:00:00 UTC,2019-01-04 22:56:00 UTC,42 F,0 mph,0.0 in
2019-01-04,23,2019-01-04 23:00:00 UTC,2019-01-04 23:56:00 UTC,41 F,5 mph,0.0 in
2019-01-05,0,2019-01-05 00:00:00 UTC,2019-01-05 00:56:00 UTC,50 F,16 mph,0.0 in
2019-01-05,1,2019-01-05 01:00:00 UTC,2019-01-05 01:56:00 UTC,52 F,33 mph,0.0 in
2019-01-05,2,2019-01-05 02:00:00 UTC,2019-01-05 02:56:00 UTC,53 F,26 mph,0.0 in
2019-01-05,3,2019-01-05 03:00:00 UTC,2019-01-05 03:56:00 UTC,54 F,17 mph,0.0 in
2019-01-05,4,2019-01-05 04:00:00 UTC,2019-01-05 04:56:00 UTC,56 F,23 mph,0.0 in
2019-01-05,5,2019-01-05 05:00:00 UTC,2019-01-05 05:56:00 UTC,56 F,29 mph,0.0 in
2019-01-05,6,2019-01-05 06:00:00 UTC,2019-01-05 06:56:00 UTC,56 F,31 mph,0.0 in
2019-01-05,7,2019-01-05 07:00:00 UTC,2019-01-05 07:56:00 UTC,55 F,32 mph,0.0 in
2019-01-05,8,2019-01-05 08:00:00 UTC,2019-01-05 08:56:00 UTC,53 F,20 mph,0.0 in
2019-01-05,9,2019-01-05 09:00:00 UTC,2019-01-05 09:56:00 UTC,53 F,23 mph,0.0 in
2019-01-05,10,2019-01-05 10:00:00 UTC,2019-01-05 10:56:00 UTC,53 F,12 mph,0.0 in
2019-01-05,11,2019-01-05 11:00:00 UTC,2019-01-05 11:56:00 UTC,53 F,10 mph,0.0 in
2019-01-05,12,2019-01-05 12:00:00 UTC,2019-01-05 12:56:00 UTC,53 F,9 mph,0.0 in
2019-01-05,13,2019-01-05 13:00:00 UTC,2019-01-05 13:56:00 UTC,51 F,5 mph,0.1 in
2019-01-05,14,2019-01-05 14:00:00 UTC,2019-01-05 14:56:00 UTC,50 F,0 mph,0.0 in
2019-01-05,15,2019-01-05 15:00:00 UTC,2019-01-05 15:56:00 UTC,50 F,5 mph,0.0 in
2019-01-05,16,2019-01-05 16:00:00 UTC,2019-01-05 16:56:00 UTC,50 F,3 mph,0.0 in
2019-01-05,17,2019-01-05 17:00:00 UTC,2019-01-05 17:56:00 UTC,50 F,7 mph,0.0 in
2019-01-05,18,2019-01-05 18:00:00 UTC,2019-01-05 18:56:00 UTC,50 F,14 mph,0.0 in
2019-01-05,19,2019-01-05 19:00:00 UTC,2019-01-05 19:56:00 UTC,50 F,16 mph,0.0 in
2019-01-05,20,2019-01-05 20:00:00 UTC,2019-01-05 20:56:00 UTC,51 F,13 mph,0.0 in
2019-01-05,21,2019-01-05 21:00:00 UTC,2019-01-05 21:56:00 UTC,50 F,13 mph,0.0 in
2019-01-05,22,2019-01-05 22:00:00 UTC,2019-01-05 22:56:00 UTC,50 F,14 mph,0.0 in
2019-01-05,23,2019-01-05 23:00:00 UTC,2019-01-05 23:56:00 UTC,50 F,16 mph,0.0 in
2019-01-06,0,2019-01-06 00:00:00 UTC,2019-01-06 00:56:00 UTC,49 F,13 mph,0.0 in
2019-01-06,1,2019-01-06 01:00:00 UTC,2019-01-06 01:56:00 UTC,50 F,16 mph,0.0 in
2019-01-06,2,2019-01-06 02:00:00 UTC,2019-01-06 02:56:00 UTC,51 F,13 mph,0.1 in
2019-01-06,3,2019-01-06 03:00:00 UTC,2019-01-06 03:56:00 UTC,50 F,13 mph,0.1 in
2019-01-06,4,2019-01-06 04:00:00 UTC,2019-01-06 04:56:00 UTC,50 F,30 mph,0.0 in
2019-01-06,5,2019-01-06 05:00:00 UTC,2019-01-06 05:56:00 UTC,50 F,14 mph,0.0 in
2019-01-06,6,2019-01-06 06:00:00 UTC,2019-01-06 06:56:00 UTC,50 F,22 mph,0.0 in
2019-01-06,7,2019-01-06 07:00:00 UTC,2019-01-06 07:56:00 UTC,57 F,14 mph,0.0 in
2019-01-06,8,2019-01-06 08:00:00 UTC,2019-01-06 08:56:00 UTC,57 F,28 mph,0.0 in
2019-01-06,9,2019-01-06 09:00:00 UTC,2019-01-06 09:56:00 UTC,60 F,26 mph,0.0 in
2019-01-06,10,2019-01-06 10:00:00 UTC,2019-01-06 10:56:00 UTC,59 F,32 mph,0.0 in
2019-01-06,11,2019-01-06 11:00:00 UTC,2019-01-06 11:56:00 UTC,60 F,32 mph,0.0 in
2019-01-06,12,2019-01-06 12:00:00 UTC,2019-01-06 12:56:00 UTC,59 F,24 mph,0.0 in
2019-01-06,13,2019-01-06 13:00:00 UTC,2019-01-06 13:56:00 UTC,61 F,21 mph,0.0 in
2019-01-06,14,2019-01-06 14:00:00 UTC,2019-01-06 14:56:00 UTC,58 F,17 mph,0.0 in
2019-01-06,15,2019-01-06 15:00:00 UTC,2019-01-06 15:56:00 UTC,59 F,20 mph,0.0 in
2019-01-06,16,2019-01-06 16:00:00 UTC,2019-01-06 16:56:00 UTC,59 F,21 mph,0.0 in
2019-01-06,17,2019-01-06 17:00:00 UTC,2019-01-06 17:56:00 UTC,50 F,6 mph,0.0 in
2019-01-06,18,2019-01-06 18:00:00 UTC,2019-01-06 18:56:00 UTC,51 F,0 mph,0.0 in
2019-01-06,19,2019-01-06 19:00:00 UTC,2019-01-06 19:56:00 UTC,47 F,6 mph,0.0 in
2019-01-06,20,2019-01-06 20:00:00 UTC,2019-01-06 20:56:00 UTC,49 F,0 mph,0.0 in
2019-01-06,21,2019-01-06 21:00:00 UTC,2019-01-06 21:56:00 UTC,48 F,8 mph,0.0 in
2019-01-06,22,2019-01-06 22:00:00 UTC,2019-01-06 22:56:00 UTC,47 F,8 mph,0.0 in
2019-01-06,23,2019-01-06 23:00:00 UTC,2019-01-06 23:56:00 UTC,47 F,9 mph,0.0 in
2019-01-07,0,2019-01-07 00:00:00 UTC,2019-01-07 00:56:00 UTC,62 F,0 mph,0.0 in
2019-01-07,1,2019-01-07 01:00:00 UTC,2019-01-07 01:56:00 UTC,64 F,0 mph,0.0 in
2019-01-07,2,2019-01-07 02:00:00 UTC,2019-01-07 02:56:00 UTC,55 F,3 mph,0.0 in
2019-01-07,3,2019-01-07 03:00:00 UTC,2019-01-07 03:56:00 UTC,55 F,5 mph,0.0 in
2019-01-07,4,2019-01-07 04:00:00 UTC,2019-01-07 04:56:00 UTC,55 F,3 mph,0.0 in
2019-01-07,5,2019-01-07 05:00:00 UTC,2019-01-07 05:56:00 UTC,55 F,3 mph,0.0 in
2019-01-07,6,2019-01-07 06:00:00 UTC,2019-01-07 06:56:00 UTC,55 F,3 mph,0.0 in
2019-01-07,7,2019-01-07 07:00:00 UTC,2019-01-07 07:56:00 UTC,55 F,5 mph,0.0 in
2019-01-07,8,2019-01-07 08:00:00 UTC,2019-01-07 08:56:00 UTC,54 F,0 mph,0.0 in
2019-01-07,9,2019-01-07 09:00:00 UTC,2019-01-07 09:56:00 UTC,54 F,5 mph,0.0 in
2019-01-07,10,2019-01-07 10:00:00 UTC,2019-01-07 10:56:00 UTC,54 F,3 mph,0.0 in
2019-01-07,11,2019-01-07 11:00:00 UTC,2019-01-07 11:56:00 UTC,54 F,0 mph,0.0 in
2019-01-07,12,2019-01-07 12:00:00 UTC,2019-01-07 12:56:00 UTC,54 F,6 mph,0.0 in
2019-01-07,13,2019-01-07 13:00:00 UTC,2019-01-07 13:56:00 UTC,54 F,0 mph,0.0 in
2019-01-07,14,2019-01-07 14:00:00 UTC,2019-01-07 14:56:00 UTC,54 F,0 mph,0.0 in
2019-01-07,15,2019-01-07 15:00:00 UTC,2019-01-07 15:56:00 UTC,61 F,0 mph,0.0 in
2019-01-07,16,2019-01-07 16:00:00 UTC,2019-01-07 16:56:00 UTC,61 F,0 mph,0.0 in
2019-01-07,17,2019-01-07 17:00:00 UTC,2019-01-07 17:56:00 UTC,59 F,21 mph,0.0 in
2019-01-07,18,2019-01-07 18:00:00 UTC,2019-01-07 18:56:00 UTC,61 F,6 mph,0.0 in
2019-01-07,19,2019-01-07 19:00:00 UTC,2019-01-07 19:56:00 UTC,62 F,6 mph,0.0 in
2019-01-07,20,2019-01-07 20:00:00 UTC,2019-01-07 20:56:00 UTC,62 F,0 mph,0.0 in
2019-01-07,21,2019-01-07 21:00:00 UTC,2019-01-07 21:56:00 UTC,58 F,0 mph,0.0 in
2019-01-07,22,2019-01-07 22:00:00 UTC,2019-01-07 22:56:00 UTC,60 F,0 mph,0.0 in
2019-01-07,23,2019-01-07 23:00:00 UTC,2019-01-07 23:56:00 UTC,61 F,3 mph,0.0 in
2019-01-08,0,2019-01-08 00:00:00 UTC,2019-01-08 00:56:00 UTC,53 F,8 mph,0.0 in
2019-01-08,1,2019-01-08 01:00:00 UTC,2019-01-08 01:56:00 UTC,53 F,0 mph,0.0 in
2019-01-08,2,2019-01-08 02:00:00 UTC,2019-01-08 02:56:00 UTC,57 F,0 mph,0.0 in
2019-01-08,3,2019-01-08 03:00:00 UTC,2019-01-08 03:56:00 UTC,57 F,5 mph,0.0 in
2019-01-08,4,2019-01-08 04:00:00 UTC,2019-01-08 04:56:00 UTC,57 F,0 mph,0.0 in
2019-01-08,5,2019-01-08 05:00:00 UTC,2019-01-08 05:56:00 UTC,57 F,10 mph,0.0 in
2019-01-08,6,2019-01-08 06:00:00 UTC,2019-01-08 06:56:00 UTC,57 F,9 mph,0.0 in
2019-01-08,7,2019-01-08 07:00:00 UTC,2019-01-08 07:56:00 UTC,57 F,12 mph,0.0 in
2019-01-08,8,2019-01-08 08:00:00 UTC,2019-01-08 08:56:00 UTC,57 F,15 mph,0.0 in
2019-01-08,9,2019-01-08 09:00:00 UTC,2019-01-08 09:56:00 UTC,56 F,12 mph,0.0 in
2019-01-08,10,2019-01-08 10:00:00 UTC,2019-01-08 10:56:00 UTC,56 F,13 mph,0.0 in
2019-01-08,11,2019-01-08 11:00:00 UTC,2019-01-08 11:56:00 UTC,56 F,10 mph,0.0 in
2019-01-08,12,2019-01-08 12:00:00 UTC,2019-01-08 12:56:00 UTC,56 F,13 mph,0.0 in
2019-01-08,13,2019-01-08 13:00:00 UTC,2019-01-08 13:56:00 UTC,56 F,16 mph,0.0 in
2019-01-08,14,2019-01-08 14:00:00 UTC,2019-01-08 14:56:00 UTC,56 F,16 mph,0.0 in
2019-01-08,15,2019-01-08 15:00:00 UTC,2019-01-08 15:56:00 UTC,59 F,13 mph,0.0 in
2019-01-08,16,2019-01-08 16:00:00 UTC,2019-01-08 16:56:00 UTC,62 F,21 mph,0.0 in
2019-01-08,17,2019-01-08 17:00:00 UTC,2019-01-08 17:56:00 UTC,52 F,0 mph,0.0 in
2019-01-08,18,2019-01-08 18:00:00 UTC,2019-01-08 18:56:00 UTC,52 F,0 mph,0.0 in
2019-01-08,19,2019-01-08 19:00:00 UTC,2019-01-08 19:56:00 UTC,52 F,6 mph,0.0 in
2019-01-08,20,2019-01-08 20:00:00 UTC,2019-01-08 20:56:00 UTC,52 F,5 mph,0.0 in
2019-01-08,21,2019-01-08 21:00:00 UTC,2019-01-08 21:56:00 UTC,52 F,3 mph,0.0 in
2019-01-08,22,2019-01-08 22:00:00 UTC,2019-01-08 22:56:00 UTC,53 F,0 mph,0.0 in
2019-01-08,23,2019-01-08 23:00:00 UTC,2019-01-08 23:56:00 UTC,53 F,0 mph,0.0 in
2019-01-09,0,2019-01-09 00:00:00 UTC,2019-01-09 00:56:00 UTC,59 F,14 mph,0.0 in
2019-01-09,1,2019-01-09 01:00:00 UTC,2019-01-09 01:56:00 UTC,58 F,13 mph,0.0 in
2019-01-09,2,2019-01-09 02:00:00 UTC,2019-01-09 02:56:00 UTC,58 F,10 mph,0.0 in
2019-01-09,3,2019-01-09 03:00:00 UTC,2019-01-09 03:56:00 UTC,60 F,15 mph,0.0 in
2019-01-09,4,2019-01-09 04:00:00 UTC,2019-01-09 04:56:00 UTC,61 F,12 mph,0.0 in
2019-01-09,5,2019-01-09 05:00:00 UTC,2019-01-09 05:56:00 UTC,61 F,12 mph,0.0 in
2019-01-09,6,2019-01-09 06:00:00 UTC,2019-01-09 06:56:00 UTC,60 F,16 mph,0.0 in
2019-01-09,7,2019-01-09 07:00:00 UTC,2019-01-09 07:56:00 UTC,59 F,14 mph,0.0 in
2019-01-09,8,2019-01-09 08:00:00 UTC,2019-01-09 08:56:00 UTC,59 F,6 mph,0.0 in
2019-01-09,9,2019-01-09 09:00:00 UTC,2019-01-09 09:56:00 UTC,59 F,3 mph,0.0 in
2019-01-09,10,2019-01-09 10:00:00 UTC,2019-01-09 10:56:00 UTC,56 F,3 mph,0.0 in
2019-01-09,11,2019-01-09 11:00:00 UTC,2019-01-09 11:56:00 UTC,60 F,0 mph,0.0 in
2019-01-09,12,2019-01-09 12:00:00 UTC,2019-01-09 12:56:00 UTC,59 F,3 mph,0.0 in
2019-01-09,13,2019-01-09 13:00:00 UTC,2019-01-09 13:56:00 UTC,60 F,3 mph,0.0 in
2019-01-09,14,2019-01-09 14:00:00 UTC,2019-01-09 14:56:00 UTC,61 F,3 mph,0.0 in
2019-01-09,15,2019-01-09 15:00:00 UTC,2019-01-09 15:56:00 UTC,59 F,7 mph,0.0 in
2019-01-09,16,2019-01-09 16:00:00 UTC,2019-01-09 16:56:00 UTC,58 F,5 mph,0.0 in
2019-01-09,17,2019-01-09 17:00:00 UTC,2019-01-09 17:56:00 UTC,62 F,18 mph,0.0 in
2019-01-09,18,2019-01-09 18:00:00 UTC,2019-01-09 18:56:00 UTC,61 F,24 mph,0.0 in
2019-01-09,19,2019-01-09 19:00:00 UTC,2019-01-09 19:56:00 UTC,61 F,18 mph,0.0 in
2019-01-09,20,2019-01-09 20:00:00 UTC,2019-01-09 20:56:00 UTC,61 F,17 mph,0.0 in
2019-01-09,21,2019-01-09 21:00:00 UTC,2019-01-09 21:56:00 UTC,61 F,12 mph,0.0 in
2019-01-09,22,2019-01-09 22:00:00 UTC,2019-01-09 22:56:00 UTC,62 F,12 mph,0.0 in
2019-01-09,23,2019-01-09 23:00:00 UTC,2019-01-09 23:56:00 UTC,59 F,9 mph,0.0 in
2019-01-10,0,2019-01-10 00:00:00 UTC,2019-01-10 00:56:00 UTC,50 F,0 mph,0.0 in
2019-01-10,1,2019-01-10 01:00:00 UTC,2019-01-10 01:56:00 UTC,50 F,0 mph,0.0 in
2019-01-10,2,2019-01-10 02:00:00 UTC,2019-01-10 02:56:00 UTC,50 F,3 mph,0.0 in
2019-01-10,3,2019-01-10 03:00:00 UTC,2019-01-10 03:56:00 UTC,50 F,3 mph,0.0 in
2019-01-10,4,2019-01-10 04:00:00 UTC,2019-01-10 04:56:00 UTC,52 F,0 mph,0.0 in
2019-01-10,5,2019-01-10 05:00:00 UTC,2019-01-10 05:56:00 UTC,52 F,6 mph,0.0 in
2019-01-10,6,2019-01-10 06:00:00 UTC,2019-01-10 06:56:00 UTC,56 F,3 mph,0.0 in
2019-01-10,7,2019-01-10 07:00:00 UTC,2019-01-10 07:56:00 UTC,59 F,0 mph,0.0 in
2019-01-10,8,2019-01-10 08:00:00 UTC,2019-01-10 08:56:00 UTC,61 F,0 mph,0.0 in
2019-01-10,9,2019-01-10 09:00:00 UTC,2019-01-10 09:56:00 UTC,66 F,3 mph,0.0 in
2019-01-10,10,2019-01-10 10:00:00 UTC,2019-01-10 10:56:00 UTC,57 F,6 mph,0.0 in
2019-01-10,11,2019-01-10 11:00:00 UTC,2019-01-10 11:56:00 UTC,57 F,0 mph,0.0 in
2019-01-10,12,2019-01-10 12:00:00 UTC,2019-01-10 12:56:00 UTC,57 F,0 mph,0.0 in
2019-01-10,13,2019-01-10 13:00:00 UTC,2019-01-10 13:56:00 UTC,57 F,0 mph,0.0 in
2019-01-10,14,2019-01-10 14:00:00 UTC,2019-01-10 14:56:00 UTC,56 F,0 mph,0.0 in
2019-01-10,15,2019-01-10 15:00:00 UTC,2019-01-10 15:56:00 UTC,54 F,5 mph,0.0 in
2019-01-10,16,2019-01-10 16:00:00 UTC,2019-01-10 16:56:00 UTC,52 F,3 mph,0.0 in
2019-01-10,17,2019-01-10 17:00:00 UTC,2019-01-10 17:56:00 UTC,58 F,3 mph,0.0 in
2019-01-10,18,2019-01-10 18:00:00 UTC,2019-01-10 18:56:00 UTC,58 F,5 mph,0.0 in
2019-01-10,19,2019-01-10 19:00:00 UTC,2019-01-10 19:56:00 UTC,57 F,3 mph,0.0 in
2019-01-10,20,2019-01-10 20:00:00 UTC,2019-01-10 20:56:00 UTC,56 F,0 mph,0.0 in
2019-01-10,21,2019-01-10 21:00:00 UTC,2019-01-10 21:56:00 UTC,56 F,0 mph,0.0 in
2019-01-10,22,2019-01-10 22:00:00 UTC,2019-01-10 22:56:00 UTC,56 F,0 mph,0.0 in
2019-01-10,23,2019-01-10 23:00:00 UTC,2019-01-10 23:56:00 UTC,52 F,0 mph,0.0 in
2019-01-11,0,2019-01-11 00:00:00 UTC,2019-01-11 00:56:00 UTC,50 F,3 mph,0.0 in
2019-01-11,1,2019-01-11 01:00:00 UTC,2019-01-11 01:56:00 UTC,52 F,3 mph,0.0 in
2019-01-11,2,2019-01-11 02:00:00 UTC,2019-01-11 02:56:00 UTC,52 F,7 mph,0.0 in
2019-01-11,3,2019-01-11 03:00:00 UTC,2019-01-11 03:56:00 UTC,52 F,5 mph,0.0 in
2019-01-11,4,2019-01-11 04:00:00 UTC,2019-01-11 04:56:00 UTC,54 F,5 mph,0.0 in
2019-01-11,5,2019-01-11 05:00:00 UTC,2019-01-11 05:56:00 UTC,54 F,3 mph,0.0 in
2019-01-11,6,2019-01-11 06:00:00 UTC,2019-01-11 06:56:00 UTC,54 F,3 mph,0.0 in
2019-01-11,7,2019-01-11 07:00:00 UTC,2019-01-11 07:56:00 UTC,59 F,8 mph,0.0 in
2019-01-11,8,2019-01-11 08:00:00 UTC,2019-01-11 08:56:00 UTC,57 F,8 mph,0.1 in
2019-01-11,9,2019-01-11 09:00:00 UTC,2019-01-11 09:56:00 UTC,58 F,12 mph,0.0 in
2019-01-11,10,2019-01-11 10:00:00 UTC,2019-01-11 10:56:00 UTC,59 F,10 mph,0.0 in
2019-01-11,11,2019-01-11 11:00:00 UTC,2019-01-11 11:56:00 UTC,57 F,0 mph,0.0 in
2019-01-11,12,2019-01-11 12:00:00 UTC,2019-01-11 12:56:00 UTC,60 F,0 mph,0.0 in
2019-01-11,13,2019-01-11 13:00:00 UTC,2019-01-11 13:56:00 UTC,60 F,5 mph,0.0 in
2019-01-11,14,2019-01-11 14:00:00 UTC,2019-01-11 14:56:00 UTC,58 F,0 mph,0.0 in
2019-01-11,15,2019-01-11 15:00:00 UTC,2019-01-11 15:56:00 UTC,57 F,6 mph,0.0 in
2019-01-11,16,2019-01-11 16:00:00 UTC,2019-01-11 16:56:00 UTC,57 F,7 mph,0.0 in
2019-01-11,17,2019-01-11 17:00:00 UTC,2019-01-11 17:56:00 UTC,52 F,5 mph,0.0 in
2019-01-11,18,2019-01-11 18:00:00 UTC,2019-01-11 18:56:00 UTC,52 F,3 mph,0.0 in
2019-01-11,19,2019-01-11 19:00:00 UTC,2019-01-11 19:56:00 UTC,52 F,0 mph,0.0 in
2019-01-11,20,2019-01-11 20:00:00 UTC,2019-01-11 20:56:00 UTC,52 F,3 mph,0.0 in
2019-01-11,21,2019-01-11 21:00:00 UTC,2019-01-11 21:56:00 UTC,54 F,3 mph,0.0 in
2019-01-11,22,2019-01-11 22:00:00 UTC,2019-01-11 22:56:00 UTC,54 F,0 mph,0.0 in
2019-01-11,23,2019-01-11 23:00:00 UTC,2019-01-11 23:56:00 UTC,52 F,0 mph,0.0 in
2019-01-12,0,2019-01-12 00:00:00 UTC,2019-01-12 00:56:00 UTC,57 F,0 mph,0.0 in
2019-01-12,1,2019-01-12 01:00:00 UTC,2019-01-12 01:56:00 UTC,58 F,0 mph,0.0 in
2019-01-12,2,2019-01-12 02:00:00 UTC,2019-01-12 02:56:00 UTC,58 F,3 mph,0.0 in
2019-01-12,3,2019-01-12 03:00:00 UTC,2019-01-12 03:56:00 UTC,59 F,3 mph,0.0 in
2019-01-12,4,2019-01-12 04:00:00 UTC,2019-01-12 04:56:00 UTC,59 F,0 mph,0.0 in
2019-01-12,5,2019-01-12 05:00:00 UTC,2019-01-12 05:56:00 UTC,60 F,0 mph,0.0 in
2019-01-12,6,2019-01-12 06:00:00 UTC,2019-01-12 06:56:00 UTC,61 F,6 mph,0.0 in
2019-01-12,7,2019-01-12 07:00:00 UTC,2019-01-12 07:56:00 UTC,62 F,5 mph,0.0 in
2019-01-12,8,2019-01-12 08:00:00 UTC,2019-01-12 08:56:00 UTC,61 F,9 mph,0.0 in
2019-01-12,9,2019-01-12 09:00:00 UTC,2019-01-12 09:56:00 UTC,61 F,9 mph,0.0 in
2019-01-12,10,2019-01-12 10:00:00 UTC,2019-01-12 10:56:00 UTC,59 F,6 mph,0.0 in
2019-01-12,11,2019-01-12 11:00:00 UTC,2019-01-12 11:56:00 UTC,59 F,8 mph,0.0 in
2019-01-12,12,2019-01-12 12:00:00 UTC,2019-01-12 12:56:00 UTC,58 F,6 mph,0.0 in
2019-01-12,13,2019-01-12 13:00:00 UTC,2019-01-12 13:56:00 UTC,58 F,7 mph,0.0 in
2019-01-12,14,2019-01-12 14:00:00 UTC,2019-01-12 14:56:00 UTC,56 F,5 mph,0.0 in
2019-01-12,15,2019-01-12 15:00:00 UTC,2019-01-12 15:56:00 UTC,58 F,0 mph,0.0 in
2019-01-12,16,2019-01-12 16:00:00 UTC,2019-01-12 16:56:00 UTC,59 F,0 mph,0.0 in
2019-01-12,17,2019-01-12 17:00:00 UTC,2019-01-12 17:56:00 UTC,57 F,5 mph,0.0 in
2019-01-12,18,2019-01-12 18:00:00 UTC,2019-01-12 18:56:00 UTC,57 F,8 mph,0.0 in
2019-01-12,19,2019-01-12 19:00:00 UTC,2019-01-12 19:56:00 UTC,57 F,10 mph,0.0 in
2019-01-12,20,2019-01-12 20:00:00 UTC,2019-01-12 20:56:00 UTC,57 F,5 mph,0.0 in
2019-01-12,21,2019-01-12 21:00:00 UTC,2019-01-12 21:56:00 UTC,57 F,0 mph,0.0 in
2019-01-12,22,2019-01-12 22:00:00 UTC,2019-01-12 22:56:00 UTC,57 F,0 mph,0.0 in
2019-01-12,23,2019-01-12 23:00:00 UTC,2019-01-12 23:56:00 UTC,57 F,0 mph,0.0 in
2019-01-13,0,2019-01-13 00:00:00 UTC,2019-01-13 00:56:00 UTC,54 F,6 mph,0.0 in
2019-01-13,1,2019-01-13 01:00:00 UTC,2019-01-13 01:56:00 UTC,54 F,5 mph,0.0 in
2019-01-13,2,2019-01-13 02:00:00 UTC,2019-01-13 02:56:00 UTC,55 F,3 mph,0.0 in
2019-01-13,3,2019-01-13 03:00:00 UTC,2019-01-13 03:56:00 UTC,56 F,0 mph,0.0 in
2019-01-13,4,2019-01-13 04:00:00 UTC,2019-01-13 04:56:00 UTC,57 F,5 mph,0.0 in
2019-01-13,5,2019-01-13 05:00:00 UTC,2019-01-13 05:56:00 UTC,58 F,6 mph,0.0 in
2019-01-13,6,2019-01-13 06:00:00 UTC,2019-01-13 06:56:00 UTC,58 F,7 mph,0.0 in
2019-01-13,7,2019-01-13 07:00:00 UTC,2019-01-13 07:56:00 UTC,58 F,0 mph,0.0 in
2019-01-13,8,2019-01-13 08:00:00 UTC,2019-01-13 08:56:00 UTC,57 F,0 mph,0.0 in
2019-01-13,9,2019-01-13 09:00:00 UTC,2019-01-13 09:56:00 UTC,57 F,0 mph,0.0 in
2019-01-13,10,2019-01-13 10:00:00 UTC,2019-01-13 10:56:00 UTC,56 F,6 mph,0.0 in
2019-01-13,11,2019-01-13 11:00:00 UTC,2019-01-13 11:56:00 UTC,55 F,5 mph,0.0 in
2019-01-13,12,2019-01-13 12:00:00 UTC,2019-01-13 12:56:00 UTC,55 F,7 mph,0.0 in
2019-01-13,13,2019-01-13 13:00:00 UTC,2019-01-13 13:56:00 UTC,54 F,5 mph,0.0 in
2019-01-13,14,2019-01-13 14:00:00 UTC,2019-01-13 14:56:00 UTC,54 F,5 mph,0.0 in
2019-01-13,15,2019-01-13 15:00:00 UTC,2019-01-13 15:56:00 UTC,55 F,0 mph,0.0 in
2019-01-13,16,2019-01-13 16:00:00 UTC,2019-01-13 16:56:00 UTC,52 F,0 mph,0.0 in
2019-01-13,17,2019-01-13 17:00:00 UTC,2019-01-13 17:56:00 UTC,55 F,3 mph,0.0 in
2019-01-13,18,2019-01-13 18:00:00 UTC,2019-01-13 18:56:00 UTC,55 F,5 mph,0.0 in
2019-01-13,19,2019-01-13 19:00:00 UTC,2019-01-13 19:56:00 UTC,52 F,3 mph,0.0 in
2019-01-13,20,2019-01-13 20:00:00 UTC,2019-01-13 20:56:00 UTC,54 F,0 mph,0.0 in
2019-01-13,21,2019-01-13 21:00:00 UTC,2019-01-13 21:56:00 UTC,56 F,0 mph,0.0 in
2019-01-13,22,2019-01-13 22:00:00 UTC,2019-01-13 22:56:00 UTC,54 F,0 mph,0.0 in
2019-01-13,23,2019-01-13 23:00:00 UTC,2019-01-13 23:56:00 UTC,54 F,0 mph,0.0 in
2019-01-14,0,2019-01-14 00:00:00 UTC,2019-01-14 00:56:00 UTC,52 F,7 mph,0.0 in
2019-01-14,1,2019-01-14 01:00:00 UTC,2019-01-14 01:56:00 UTC,55 F,0 mph,0.0 in
2019-01-14,2,2019-01-14 02:00:00 UTC,2019-01-14 02:56:00 UTC,55 F,0 mph,0.0 in
2019-01-14,3,2019-01-14 03:00:00 UTC,2019-01-14 03:56:00 UTC,55 F,0 mph,0.0 in
2019-01-14,4,2019-01-14 04:00:00 UTC,2019-01-14 04:56:00 UTC,56 F,8 mph,0.0 in
2019-01-14,5,2019-01-14 05:00:00 UTC,2019-01-14 05:56:00 UTC,57 F,12 mph,0.0 in
2019-01-14,6,2019-01-14 06:00:00 UTC,2019-01-14 06:56:00 UTC,57 F,16 mph,0.0 in
2019-01-14,7,2019-01-14 07:00:00 UTC,2019-01-14 07:56:00 UTC,57 F,14 mph,0.0 in
2019-01-14,8,2019-01-14 08:00:00 UTC,2019-01-14 08:56:00 UTC,56 F,12 mph,0.0 in
2019-01-14,9,2019-01-14 09:00:00 UTC,2019-01-14 09:56:00 UTC,55 F,14 mph,0.0 in
2019-01-14,10,2019-01-14 10:00:00 UTC,2019-01-14 10:56:00 UTC,55 F,12 mph,0.0 in
2019-01-14,11,2019-01-14 11:00:00 UTC,2019-01-14 11:56:00 UTC,54 F,3 mph,0.0 in
2019-01-14,12,2019-01-14 12:00:00 UTC,2019-01-14 12:56:00 UTC,53 F,6 mph,0.0 in
2019-01-14,13,2019-01-14 13:00:00 UTC,2019-01-14 13:56:00 UTC,52 F,7 mph,0.0 in
2019-01-14,14,2019-01-14 14:00:00 UTC,2019-01-14 14:56:00 UTC,51 F,3 mph,0.0 in
2019-01-14,15,2019-01-14 15:00:00 UTC,2019-01-14 15:56:00 UTC,50 F,6 mph,0.0 in
2019-01-14,16,2019-01-14 16:00:00 UTC,2019-01-14 16:56:00 UTC,49 F,6 mph,0.0 in
2019-01-14,17,2019-01-14 17:00:00 UTC,2019-01-14 17:56:00 UTC,51 F,0 mph,0.0 in
2019-01-14,18,2019-01-14 18:00:00 UTC,2019-01-14 18:56:00 UTC,49 F,0 mph,0.0 in
2019-01-14,19,2019-01-14 19:00:00 UTC,2019-01-14 19:56:00 UTC,48 F,0 mph,0.0 in
2019-01-14,20,2019-01-14 20:00:00 UTC,2019-01-14 20:56:00 UTC,50 F,0 mph,0.0 in
2019-01-14,21,2019-01-14 21:00:00 UTC,2019-01-14 21:56:00 UTC,50 F,0 mph,0.0 in
2019-01-14,22,2019-01-14 22:00:00 UTC,2019-01-14 22:56:00 UTC,50 F,5 mph,0.0 in
2019-01-14,23,2019-01-14 23:00:00 UTC,2019-01-14 23:56:00 UTC,52 F,0 mph,0.0 in
2019-01-15,0,2019-01-15 00:00:00 UTC,2019-01-15 00:56:00 UTC,49 F,13 mph,0.0 in
2019-01-15,1,2019-01-15 01:00:00 UTC,2019-01-15 01:56:00 UTC,50 F,15 mph,0.0 in
2019-01-15,2,2019-01-15 02:00:00 UTC,2019-01-15 02:56:00 UTC,50 F,12 mph,0.0 in
2019-01-15,3,2019-01-15 03:00:00 UTC,2019-01-15 03:56:00 UTC,51 F,15 mph,0.1 in
2019-01-15,4,2019-01-15 04:00:00 UTC,2019-01-15 04:56:00 UTC,51 F,10 mph,0.1 in
2019-01-15,5,2019-01-15 05:00:00 UTC,2019-01-15 05:56:00 UTC,51 F,14 mph,0.1 in
2019-01-15,6,2019-01-15 06:00:00 UTC,2019-01-15 06:56:00 UTC,51 F,17 mph,0.0 in
2019-01-15,7,2019-01-15 07:00:00 UTC,2019-01-15 07:56:00 UTC,52 F,12 mph,0.1 in
2019-01-15,8,2019-01-15 08:00:00 UTC,2019-01-15 08:56:00 UTC,52 F,7 mph,0.0 in
2019-01-15,9,2019-01-15 09:00:00 UTC,2019-01-15 09:56:00 UTC,53 F,15 mph,0.0 in
2019-01-15,10,2019-01-15 10:00:00 UTC,2019-01-15 10:56:00 UTC,53 F,13 mph,0.1 in
2019-01-15,11,2019-01-15 11:00:00 UTC,2019-01-15 11:56:00 UTC,53 F,12 mph,0.1 in
2019-01-15,12,2019-01-15 12:00:00 UTC,2019-01-15 12:56:00 UTC,54 F,14 mph,0.0 in
2019-01-15,13,2019-01-15 13:00:00 UTC,2019-01-15 13:56:00 UTC,54 F,12 mph,0.0 in
2019-01-15,14,2019-01-15 14:00:00 UTC,2019-01-15 14:56:00 UTC,54 F,12 mph,0.0 in
2019-01-15,15,2019-01-15 15:00:00 UTC,2019-01-15 15:56:00 UTC,55 F,9 mph,0.0 in
2019-01-15,16,2019-01-15 16:00:00 UTC,2019-01-15 16:56:00 UTC,55 F,8 mph,0.0 in
2019-01-15,17,2019-01-15 17:00:00 UTC,2019-01-15 17:56:00 UTC,48 F,7 mph,0.0 in
2019-01-15,18,2019-01-15 18:00:00 UTC,2019-01-15 18:56:00 UTC,48 F,12 mph,0.0 in
2019-01-15,19,2019-01-15 19:00:00 UTC,2019-01-15 19:56:00 UTC,48 F,7 mph,0.0 in
2019-01-15,20,2019-01-15 20:00:00 UTC,2019-01-15 20:56:00 UTC,48 F,15 mph,0.0 in
2019-01-15,21,2019-01-15 21:00:00 UTC,2019-01-15 21:56:00 UTC,48 F,7 mph,0.0 in
2019-01-15,22,2019-01-15 22:00:00 UTC,2019-01-15 22:56:00 UTC,48 F,13 mph,0.0 in
2019-01-15,23,2019-01-15 23:00:00 UTC,2019-01-15 23:56:00 UTC,49 F,13 mph,0.0 in
2019-01-16,0,2019-01-16 00:00:00 UTC,2019-01-16 00:56:00 UTC,53 F,14 mph,0.0 in
2019-01-16,1,2019-01-16 01:00:00 UTC,2019-01-16 01:56:00 UTC,54 F,18 mph,0.0 in
2019-01-16,2,2019-01-16 02:00:00 UTC,2019-01-16 02:56:00 UTC,55 F,21 mph,0.0 in
2019-01-16,3,2019-01-16 03:00:00 UTC,2019-01-16 03:56:00 UTC,55 F,20 mph,0.0 in
2019-01-16,4,2019-01-16 04:00:00 UTC,2019-01-16 04:56:00 UTC,55 F,17 mph,0.0 in
2019-01-16,5,2019-01-16 05:00:00 UTC,2019-01-16 05:56:00 UTC,55 F,15 mph,0.2 in
2019-01-16,6,2019-01-16 06:00:00 UTC,2019-01-16 06:56:00 UTC,55 F,16 mph,0.1 in
2019-01-16,7,2019-01-16 07:00:00 UTC,2019-01-16 07:56:00 UTC,62 F,33 mph,0.1 in
2019-01-16,8,2019-01-16 08:00:00 UTC,2019-01-16 08:56:00 UTC,63 F,31 mph,0.0 in
2019-01-16,9,2019-01-16 09:00:00 UTC,2019-01-16 09:56:00 UTC,63 F,38 mph,0.0 in
2019-01-16,10,2019-01-16 10:00:00 UTC,2019-01-16 10:56:00 UTC,62 F,38 mph,0.0 in
2019-01-16,11,2019-01-16 11:00:00 UTC,2019-01-16 11:56:00 UTC,62 F,31 mph,0.1 in
2019-01-16,12,2019-01-16 12:00:00 UTC,2019-01-16 12:56:00 UTC,61 F,38 mph,0.2 in
2019-01-16,13,2019-01-16 13:00:00 UTC,2019-01-16 13:56:00 UTC,59 F,31 mph,0.4 in
2019-01-16,14,2019-01-16 14:00:00 UTC,2019-01-16 14:56:00 UTC,60 F,39 mph,0.0 in
2019-01-16,15,2019-01-16 15:00:00 UTC,2019-01-16 15:56:00 UTC,59 F,30 mph,0.0 in
2019-01-16,16,2019-01-16 16:00:00 UTC,2019-01-16 16:56:00 UTC,59 F,26 mph,0.0 in
2019-01-16,17,2019-01-16 17:00:00 UTC,2019-01-16 17:56:00 UTC,54 F,10 mph,0.0 in
2019-01-16,18,2019-01-16 18:00:00 UTC,2019-01-16 18:56:00 UTC,54 F,12 mph,0.0 in
2019-01-16,19,2019-01-16 19:00:00 UTC,2019-01-16 19:56:00 UTC,55 F,12 mph,0.0 in
2019-01-16,20,2019-01-16 20:00:00 UTC,2019-01-16 20:56:00 UTC,55 F,10 mph,0.0 in
2019-01-16,21,2019-01-16 21:00:00 UTC,2019-01-16 21:56:00 UTC,52 F,9 mph,0.0 in
2019-01-16,22,2019-01-16 22:00:00 UTC,2019-01-16 22:56:00 UTC,52 F,8 mph,0.0 in
2019-01-16,23,2019-01-16 23:00:00 UTC,2019-01-16 23:56:00 UTC,53 F,14 mph,0.0 in
2019-01-17,0,2019-01-17 00:00:00 UTC,2019-01-17 00:56:00 UTC,58 F,17 mph,0.0 in
2019-01-17,1,2019-01-17 01:00:00 UTC,2019-01-17 01:56:00 UTC,58 F,20 mph,0.0 in
2019-01-17,2,2019-01-17 02:00:00 UTC,2019-01-17 02:56:00 UTC,58 F,21 mph,0.0 in
2019-01-17,3,2019-01-17 03:00:00 UTC,2019-01-17 03:56:00 UTC,58 F,15 mph,0.0 in
2019-01-17,4,2019-01-17 04:00:00 UTC,2019-01-17 04:56:00 UTC,58 F,16 mph,0.0 in
2019-01-17,5,2019-01-17 05:00:00 UTC,2019-01-17 05:56:00 UTC,58 F,18 mph,0.0 in
2019-01-17,6,2019-01-17 06:00:00 UTC,2019-01-17 06:56:00 UTC,58 F,15 mph,0.0 in
2019-01-17,7,2019-01-17 07:00:00 UTC,2019-01-17 07:56:00 UTC,59 F,10 mph,0.0 in
2019-01-17,8,2019-01-17 08:00:00 UTC,2019-01-17 08:56:00 UTC,62 F,14 mph,0.0 in
2019-01-17,9,2019-01-17 09:00:00 UTC,2019-01-17 09:56:00 UTC,59 F,7 mph,0.0 in
2019-01-17,10,2019-01-17 10:00:00 UTC,2019-01-17 10:56:00 UTC,58 F,10 mph,0.0 in
2019-01-17,11,2019-01-17 11:00:00 UTC,2019-01-17 11:56:00 UTC,59 F,10 mph,0.0 in
2019-01-17,12,2019-01-17 12:00:00 UTC,2019-01-17 12:56:00 UTC,59 F,9 mph,0.0 in
2019-01-17,13,2019-01-17 13:00:00 UTC,2019-01-17 13:56:00 UTC,58 F,9 mph,0.0 in
2019-01-17,14,2019-01-17 14:00:00 UTC,2019-01-17 14:56:00 UTC,58 F,6 mph,0.0 in
2019-01-17,15,2019-01-17 15:00:00 UTC,2019-01-17 15:56:00 UTC,59 F,6 mph,0.0 in
2019-01-17,16,2019-01-17 16:00:00 UTC,2019-01-17 16:56:00 UTC,59 F,5 mph,0.0 in
2019-01-17,17,2019-01-17 17:00:00 UTC,2019-01-17 17:56:00 UTC,59 F,23 mph,0.0 in
2019-01-17,18,2019-01-17 18:00:00 UTC,2019-01-17 18:56:00 UTC,58 F,22 mph,0.0 in
2019-01-17,19,2019-01-17 19:00:00 UTC,2019-01-17 19:56:00 UTC,58 F,20 mph,0.0 in
2019-01-17,20,2019-01-17 20:00:00 UTC,2019-01-17 20:56:00 UTC,58 F,16 mph,0.0 in
2019-01-17,21,2019-01-17 21:00:00 UTC,2019-01-17 21:56:00 UTC,58 F,16 mph,0.0 in
2019-01-17,22,2019-01-17 22:00:00 UTC,2019-01-17 22:56:00 UTC,58 F,18 mph,0.0 in
2019-01-17,23,2019-01-17 23:00:00 UTC,2019-01-17 23:56:00 UTC,58 F,20 mph,0.0 in
2019-01-18,0,2019-01-18 00:00:00 UTC,2019-01-18 00:56:00 UTC,57 F,0 mph,0.0 in
2019-01-18,1,2019-01-18 01:00:00 UTC,2019-01-18 01:56:00 UTC,57 F,3 mph,0.0 in
2019-01-18,2,2019-01-18 02:00:00 UTC,2019-01-18 02:56:00 UTC,58 F,5 mph,0.0 in
2019-01-18,3,2019-01-18 03:00:00 UTC,2019-01-18 03:56:00 UTC,59 F,5 mph,0.0 in
2019-01-18,4,2019-01-18 04:00:00 UTC,2019-01-18 04:56:00 UTC,58 F,6 mph,0.0 in
2019-01-18,5,2019-01-18 05:00:00 UTC,2019-01-18 05:56:00 UTC,60 F,6 mph,0.0 in
2019-01-18,6,2019-01-18 06:00:00 UTC,2019-01-18 06:56:00 UTC,56 F,6 mph,0.0 in
2019-01-18,7,2019-01-18 07:00:00 UTC,2019-01-18 07:56:00 UTC,63 F,5 mph,0.0 in
2019-01-18,8,2019-01-18 08:00:00 UTC,2019-01-18 08:56:00 UTC,63 F,3 mph,0.0 in
2019-01-18,9,2019-01-18 09:00:00 UTC,2019-01-18 09:56:00 UTC,64 F,6 mph,0.0 in
2019-01-18,10,2019-01-18 10:00:00 UTC,2019-01-18 10:56:00 UTC,63 F,7 mph,0.0 in
2019-01-18,11,2019-01-18 11:00:00 UTC,2019-01-18 11:56:00 UTC,63 F,0 mph,0.0 in
2019-01-18,12,2019-01-18 12:00:00 UTC,2019-01-18 12:56:00 UTC,61 F,0 mph,0.0 in
2019-01-18,13,2019-01-18 13:00:00 UTC,2019-01-18 13:56:00 UTC,62 F,3 mph,0.0 in
2019-01-18,14,2019-01-18 14:00:00 UTC,2019-01-18 14:56:00 UTC,63 F,5 mph,0.0 in
2019-01-18,15,2019-01-18 15:00:00 UTC,2019-01-18 15:56:00 UTC,62 F,6 mph,0.0 in
2019-01-18,16,2019-01-18 16:00:00 UTC,2019-01-18 16:56:00 UTC,63 F,6 mph,0.0 in
2019-01-18,17,2019-01-18 17:00:00 UTC,2019-01-18 17:56:00 UTC,58 F,3 mph,0.0 in
2019-01-18,18,2019-01-18 18:00:00 UTC,2019-01-18 18:56:00 UTC,58 F,5 mph,0.0 in
2019-01-18,19,2019-01-18 19:00:00 UTC,2019-01-18 19:56:00 UTC,58 F,5 mph,0.0 in
2019-01-18,20,2019-01-18 20:00:00 UTC,2019-01-18 20:56:00 UTC,58 F,0 mph,0.0 in
2019-01-18,21,2019-01-18 21:00:00 UTC,2019-01-18 21:56:00 UTC,56 F,5 mph,0.0 in
2019-01-18,22,2019-01-18 22:00:00 UTC,2019-01-18 22:56:00 UTC,58 F,0 mph,0.0 in
2019-01-18,23,2019-01-18 23:00:00 UTC,2019-01-18 23:56:00 UTC,57 F,3 mph,0.0 in
2019-01-19,0,2019-01-19 00:00:00 UTC,2019-01-19 00:56:00 UTC,57 F,5 mph,0.0 in
2019-01-19,1,2019-01-19 01:00:00 UTC,2019-01-19 01:56:00 UTC,58 F,3 mph,0.0 in
2019-01-19,2,2019-01-19 02:00:00 UTC,2019-01-19 02:56:00 UTC,58 F,3 mph,0.0 in
2019-01-19,3,2019-01-19 03:00:00 UTC,2019-01-19 03:56:00 UTC,59 F,5 mph,0.0 in
2019-01-19,4,2019-01-19 04:00:00 UTC,2019-01-19 04:56:00 UTC,60 F,6 mph,0.0 in
2019-01-19,5,2019-01-19 05:00:00 UTC,2019-01-19 05:56:00 UTC,61 F,6 mph,0.0 in
2019-01-19,6,2019-01-19 06:00:00 UTC,2019-01-19 06:56:00 UTC,62 F,3 mph,0.0 in
2019-01-19,7,2019-01-19 07:00:00 UTC,2019-01-19 07:56:00 UTC,65 F,3 mph,0.0 in
2019-01-19,8,2019-01-19 08:00:00 UTC,2019-01-19 08:56:00 UTC,65 F,0 mph,0.0 in
2019-01-19,9,2019-01-19 09:00:00 UTC,2019-01-19 09:56:00 UTC,64 F,8 mph,0.0 in
2019-01-19,10,2019-01-19 10:00:00 UTC,2019-01-19 10:56:00 UTC,63 F,5 mph,0.0 in
2019-01-19,11,2019-01-19 11:00:00 UTC,2019-01-19 11:56:00 UTC,62 F,3 mph,0.0 in
2019-01-19,12,2019-01-19 12:00:00 UTC,2019-01-19 12:56:00 UTC,63 F,5 mph,0.0 in
2019-01-19,13,2019-01-19 13:00:00 UTC,2019-01-19 13:56:00 UTC,61 F,0 mph,0.0 in
2019-01-19,14,2019-01-19 14:00:00 UTC,2019-01-19 14:56:00 UTC,61 F,0 mph,0.0 in
2019-01-19,15,2019-01-19 15:00:00 UTC,2019-01-19 15:56:00 UTC,59 F,0 mph,0.0 in
2019-01-19,16,2019-01-19 16:00:00 UTC,2019-01-19 16:56:00 UTC,58 F,3 mph,0.0 in
2019-01-19,17,2019-01-19 17:00:00 UTC,2019-01-19 17:56:00 UTC,63 F,5 mph,0.0 in
2019-01-19,18,2019-01-19 18:00:00 UTC,2019-01-19 18:56:00 UTC,61 F,0 mph,0.0 in
2019-01-19,19,2019-01-19 19:00:00 UTC,2019-01-19 19:56:00 UTC,60 F,0 mph,0.0 in
2019-01-19,20,2019-01-19 20:00:00 UTC,2019-01-19 20:56:00 UTC,59 F,0 mph,0.0 in
2019-01-19,21,2019-01-19 21:00:00 UTC,2019-01-19 21:56:00 UTC,60 F,0 mph,0.0 in
2019-01-19,22,2019-01-19 22:00:00 UTC,2019-01-19 22:56:00 UTC,59 F,3 mph,0.0 in
2019-01-19,23,2019-01-19 23:00:00 UTC,2019-01-19 23:56:00 UTC,58 F,0 mph,0.0 in
2019-01-20,0,2019-01-20 00:00:00 UTC,2019-01-20 00:56:00 UTC,57 F,13 mph,0.0 in
2019-01-20,1,2019-01-20 01:00:00 UTC,2019-01-20 01:56:00 UTC,57 F,5 mph,0.1 in
2019-01-20,2,2019-01-20 02:00:00 UTC,2019-01-20 02:56:00 UTC,56 F,8 mph,0.0 in
2019-01-20,3,2019-01-20 03:00:00 UTC,2019-01-20 03:56:00 UTC,57 F,9 mph,0.0 in
2019-01-20,4,2019-01-20 04:00:00 UTC,2019-01-20 04:56:00 UTC,58 F,10 mph,0.0 in
2019-01-20,5,2019-01-20 05:00:00 UTC,2019-01-20 05:56:00 UTC,58 F,18 mph,0.0 in
2019-01-20,6,2019-01-20 06:00:00 UTC,2019-01-20 06:56:00 UTC,58 F,23 mph,0.0 in
2019-01-20,7,2019-01-20 07:00:00 UTC,2019-01-20 07:56:00 UTC,58 F,17 mph,0.0 in
2019-01-20,8,2019-01-20 08:00:00 UTC,2019-01-20 08:56:00 UTC,58 F,22 mph,0.0 in
2019-01-20,9,2019-01-20 09:00:00 UTC,2019-01-20 09:56:00 UTC,58 F,22 mph,0.0 in
2019-01-20,10,2019-01-20 10:00:00 UTC,2019-01-20 10:56:00 UTC,55 F,22 mph,0.1 in
2019-01-20,11,2019-01-20 11:00:00 UTC,2019-01-20 11:56:00 UTC,55 F,13 mph,0.1 in
2019-01-20,12,2019-01-20 12:00:00 UTC,2019-01-20 12:56:00 UTC,55 F,15 mph,0.0 in
2019-01-20,13,2019-01-20 13:00:00 UTC,2019-01-20 13:56:00 UTC,54 F,23 mph,0.0 in
2019-01-20,14,2019-01-20 14:00:00 UTC,2019-01-20 14:56:00 UTC,53 F,18 mph,0.0 in
2019-01-20,15,2019-01-20 15:00:00 UTC,2019-01-20 15:56:00 UTC,55 F,20 mph,0.0 in
2019-01-20,16,2019-01-20 16:00:00 UTC,2019-01-20 16:56:00 UTC,54 F,21 mph,0.0 in
2019-01-20,17,2019-01-20 17:00:00 UTC,2019-01-20 17:56:00 UTC,58 F,0 mph,0.0 in
2019-01-20,18,2019-01-20 18:00:00 UTC,2019-01-20 18:56:00 UTC,57 F,5 mph,0.0 in
2019-01-20,19,2019-01-20 19:00:00 UTC,2019-01-20 19:56:00 UTC,57 F,7 mph,0.0 in
2019-01-20,20,2019-01-20 20:00:00 UTC,2019-01-20 20:56:00 UTC,57 F,6 mph,0.0 in
2019-01-20,21,2019-01-20 21:00:00 UTC,2019-01-20 21:56:00 UTC,57 F,5 mph,0.0 in
2019-01-20,22,2019-01-20 22:00:00 UTC,2019-01-20 22:56:00 UTC,57 F,5 mph,0.0 in
2019-01-20,23,2019-01-20 23:00:00 UTC,2019-01-20 23:56:00 UTC,57 F,7 mph,0.0 in
2019-01-21,0,2019-01-21 00:00:00 UTC,2019-01-21 00:56:00 UTC,57 F,9 mph,0.0 in
2019-01-21,1,2019-01-21 01:00:00 UTC,2019-01-21 01:56:00 UTC,58 F,17 mph,0.0 in
2019-01-21,2,2019-01-21 02:00:00 UTC,2019-01-21 02:56:00 UTC,57 F,14 mph,0.0 in
2019-01-21,3,2019-01-21 03:00:00 UTC,2019-01-21 03:56:00 UTC,55 F,15 mph,0.0 in
2019-01-21,4,2019-01-21 04:00:00 UTC,2019-01-21 04:56:00 UTC,56 F,18 mph,0.0 in
2019-01-21,5,2019-01-21 05:00:00 UTC,2019-01-21 05:56:00 UTC,56 F,7 mph,0.0 in
2019-01-21,6,2019-01-21 06:00:00 UTC,2019-01-21 06:56:00 UTC,58 F,9 mph,0.0 in
2019-01-21,7,2019-01-21 07:00:00 UTC,2019-01-21 07:56:00 UTC,58 F,6 mph,0.0 in
2019-01-21,8,2019-01-21 08:00:00 UTC,2019-01-21 08:56:00 UTC,58 F,0 mph,0.0 in
2019-01-21,9,2019-01-21 09:00:00 UTC,2019-01-21 09:56:00 UTC,57 F,14 mph,0.0 in
2019-01-21,10,2019-01-21 10:00:00 UTC,2019-01-21 10:56:00 UTC,57 F,16 mph,0.0 in
2019-01-21,11,2019-01-21 11:00:00 UTC,2019-01-21 11:56:00 UTC,56 F,10 mph,0.0 in
2019-01-21,12,2019-01-21 12:00:00 UTC,2019-01-21 12:56:00 UTC,55 F,10 mph,0.0 in
2019-01-21,13,2019-01-21 13:00:00 UTC,2019-01-21 13:56:00 UTC,54 F,8 mph,0.0 in
2019-01-21,14,2019-01-21 14:00:00 UTC,2019-01-21 14:56:00 UTC,53 F,8 mph,0.0 in
2019-01-21,15,2019-01-21 15:00:00 UTC,2019-01-21 15:56:00 UTC,53 F,6 mph,0.0 in
2019-01-21,16,2019-01-21 16:00:00 UTC,2019-01-21 16:56:00 UTC,52 F,0 mph,0.0 in
2019-01-21,17,2019-01-21 17:00:00 UTC,2019-01-21 17:56:00 UTC,54 F,18 mph,0.0 in
2019-01-21,18,2019-01-21 18:00:00 UTC,2019-01-21 18:56:00 UTC,52 F,13 mph,0.0 in
2019-01-21,19,2019-01-21 19:00:00 UTC,2019-01-21 19:56:00 UTC,52 F,18 mph,0.0 in
2019-01-21,20,2019-01-21 20:00:00 UTC,2019-01-21 20:56:00 UTC,54 F,10 mph,0.0 in
2019-01-21,21,2019-01-21 21:00:00 UTC,2019-01-21 21:56:00 UTC,56 F,6 mph,0.0 in
2019-01-21,22,2019-01-21 22:00:00 UTC,2019-01-21 22:56:00 UTC,57 F,8 mph,0.0 in
2019-01-21,23,2019-01-21 23:00:00 UTC,2019-01-21 23:56:00 UTC,56 F,9 mph,0.0 in
2019-01-22,0,2019-01-22 00:00:00 UTC,2019-01-22 00:56:00 UTC,44 F,7 mph,0.0 in
2019-01-22,1,2019-01-22 01:00:00 UTC,2019-01-22 01:56:00 UTC,46 F,6 mph,0.0 in
2019-01-22,2,2019-01-22 02:00:00 UTC,2019-01-22 02:56:00 UTC,46 F,7 mph,0.0 in
2019-01-22,3,2019-01-22 03:00:00 UTC,2019-01-22 03:56:00 UTC,53 F,5 mph,0.0 in
2019-01-22,4,2019-01-22 04:00:00 UTC,2019-01-22 04:56:00 UTC,54 F,0 mph,0.0 in
2019-01-22,5,2019-01-22 05:00:00 UTC,2019-01-22 05:56:00 UTC,53 F,0 mph,0.0 in
2019-01-22,6,2019-01-22 06:00:00 UTC,2019-01-22 06:56:00 UTC,59 F,0 mph,0.0 in
2019-01-22,7,2019-01-22 07:00:00 UTC,2019-01-22 07:56:00 UTC,60 F,3 mph,0.0 in
2019-01-22,8,2019-01-22 08:00:00 UTC,2019-01-22 08:56:00 UTC,60 F,3 mph,0.0 in
2019-01-22,9,2019-01-22 09:00:00 UTC,2019-01-22 09:56:00 UTC,59 F,3 mph,0.0 in
2019-01-22,10,2019-01-22 10:00:00 UTC,2019-01-22 10:56:00 UTC,57 F,6 mph,0.0 in
2019-01-22,11,2019-01-22 11:00:00 UTC,2019-01-22 11:56:00 UTC,55 F,3 mph,0.0 in
2019-01-22,12,2019-01-22 12:00:00 UTC,2019-01-22 12:56:00 UTC,53 F,0 mph,0.0 in
2019-01-22,13,2019-01-22 13:00:00 UTC,2019-01-22 13:56:00 UTC,52 F,3 mph,0.0 in
2019-01-22,14,2019-01-22 14:00:00 UTC,2019-01-22 14:56:00 UTC,51 F,0 mph,0.0 in
2019-01-22,15,2019-01-22 15:00:00 UTC,2019-01-22 15:56:00 UTC,50 F,3 mph,0.0 in
2019-01-22,16,2019-01-22 16:00:00 UTC,2019-01-22 16:56:00 UTC,50 F,0 mph,0.0 in
2019-01-22,17,2019-01-22 17:00:00 UTC,2019-01-22 17:56:00 UTC,51 F,5 mph,0.0 in
2019-01-22,18,2019-01-22 18:00:00 UTC,2019-01-22 18:56:00 UTC,50 F,6 mph,0.0 in
2019-01-22,19,2019-01-22 19:00:00 UTC,2019-01-22 19:56:00 UTC,50 F,9 mph,0.0 in
2019-01-22,20,2019-01-22 20:00:00 UTC,2019-01-22 20:56:00 UTC,49 F,7 mph,0.0 in
2019-01-22,21,2019-01-22 21:00:00 UTC,2019-01-22 21:56:00 UTC,49 F,3 mph,0.0 in
2019-01-22,22,2019-01-22 22:00:00 UTC,2019-01-22 22:56:00 UTC,49 F,0 mph,0.0 in
2019-01-22,23,2019-01-22 23:00:00 UTC,2019-01-22 23:56:00 UTC,43 F,9 mph,0.0 in
2019-01-23,0,2019-01-23 00:00:00 UTC,2019-01-23 00:56:00 UTC,46 F,0 mph,0.0 in
2019-01-23,1,2019-01-23 01:00:00 UTC,2019-01-23 01:56:00 UTC,49 F,0 mph,0.0 in
2019-01-23,2,2019-01-23 02:00:00 UTC,2019-01-23 02:56:00 UTC,49 F,0 mph,0.0 in
2019-01-23,3,2019-01-23 03:00:00 UTC,2019-01-23 03:56:00 UTC,49 F,8 mph,0.0 in
2019-01-23,4,2019-01-23 04:00:00 UTC,2019-01-23 04:56:00 UTC,57 F,7 mph,0.0 in
2019-01-23,5,2019-01-23 05:00:00 UTC,2019-01-23 05:56:00 UTC,59 F,9 mph,0.0 in
2019-01-23,6,2019-01-23 06:00:00 UTC,2019-01-23 06:56:00 UTC,60 F,8 mph,0.0 in
2019-01-23,7,2019-01-23 07:00:00 UTC,2019-01-23 07:56:00 UTC,60 F,3 mph,0.0 in
2019-01-23,8,2019-01-23 08:00:00 UTC,2019-01-23 08:56:00 UTC,58 F,6 mph,0.0 in
2019-01-23,9,2019-01-23 09:00:00 UTC,2019-01-23 09:56:00 UTC,58 F,9 mph,0.0 in
2019-01-23,10,2019-01-23 10:00:00 UTC,2019-01-23 10:56:00 UTC,55 F,7 mph,0.0 in
2019-01-23,11,2019-01-23 11:00:00 UTC,2019-01-23 11:56:00 UTC,56 F,6 mph,0.0 in
2019-01-23,12,2019-01-23 12:00:00 UTC,2019-01-23 12:56:00 UTC,55 F,5 mph,0.0 in
2019-01-23,13,2019-01-23 13:00:00 UTC,2019-01-23 13:56:00 UTC,51 F,3 mph,0.0 in
2019-01-23,14,2019-01-23 14:00:00 UTC,2019-01-23 14:56:00 UTC,52 F,3 mph,0.0 in
2019-01-23,15,2019-01-23 15:00:00 UTC,2019-01-23 15:56:00 UTC,52 F,0 mph,0.0 in
2019-01-23,16,2019-01-23 16:00:00 UTC,2019-01-23 16:56:00 UTC,50 F,0 mph,0.0 in
2019-01-23,17,2019-01-23 17:00:00 UTC,2019-01-23 17:56:00 UTC,50 F,3 mph,0.0 in
2019-01-23,18,2019-01-23 18:00:00 UTC,2019-01-23 18:56:00 UTC,50 F,3 mph,0.0 in
2019-01-23,19,2019-01-23 19:00:00 UTC,2019-01-23 19:56:00 UTC,49 F,0 mph,0.0 in
2019-01-23,20,2019-01-23 20:00:00 UTC,2019-01-23 20:56:00 UTC,47 F,3 mph,0.0 in
2019-01-23,21,2019-01-23 21:00:00 UTC,2019-01-23 21:56:00 UTC,45 F,0 mph,0.0 in
2019-01-23,22,2019-01-23 22:00:00 UTC,2019-01-23 22:56:00 UTC,45 F,0 mph,0.0 in
2019-01-23,23,2019-01-23 23:00:00 UTC,2019-01-23 23:56:00 UTC,46 F,3 mph,0.0 in
2019-01-24,0,2019-01-24 00:00:00 UTC,2019-01-24 00:56:00 UTC,48 F,3 mph,0.0 in
2019-01-24,1,2019-01-24 01:00:00 UTC,2019-01-24 01:56:00 UTC,50 F,0 mph,0.0 in
2019-01-24,2,2019-01-24 02:00:00 UTC,2019-01-24 02:56:00 UTC,54 F,3 mph,0.0 in
2019-01-24,3,2019-01-24 03:00:00 UTC,2019-01-24 03:56:00 UTC,55 F,6 mph,0.0 in
2019-01-24,4,2019-01-24 04:00:00 UTC,2019-01-24 04:56:00 UTC,55 F,3 mph,0.0 in
2019-01-24,5,2019-01-24 05:00:00 UTC,2019-01-24 05:56:00 UTC,56 F,3 mph,0.0 in
2019-01-24,6,2019-01-24 06:00:00 UTC,2019-01-24 06:56:00 UTC,61 F,0 mph,0.0 in
2019-01-24,7,2019-01-24 07:00:00 UTC,2019-01-24 07:56:00 UTC,64 F,0 mph,0.0 in
2019-01-24,8,2019-01-24 08:00:00 UTC,2019-01-24 08:56:00 UTC,61 F,0 mph,0.0 in
2019-01-24,9,2019-01-24 09:00:00 UTC,2019-01-24 09:56:00 UTC,62 F,0 mph,0.0 in
2019-01-24,10,2019-01-24 10:00:00 UTC,2019-01-24 10:56:00 UTC,58 F,9 mph,0.0 in
2019-01-24,11,2019-01-24 11:00:00 UTC,2019-01-24 11:56:00 UTC,55 F,7 mph,0.0 in
2019-01-24,12,2019-01-24 12:00:00 UTC,2019-01-24 12:56:00 UTC,55 F,0 mph,0.0 in
2019-01-24,13,2019-01-24 13:00:00 UTC,2019-01-24 13:56:00 UTC,53 F,3 mph,0.0 in
2019-01-24,14,2019-01-24 14:00:00 UTC,2019-01-24 14:56:00 UTC,52 F,0 mph,0.0 in
2019-01-24,15,2019-01-24 15:00:00 UTC,2019-01-24 15:56:00 UTC,52 F,9 mph,0.0 in
2019-01-24,16,2019-01-24 16:00:00 UTC,2019-01-24 16:56:00 UTC,50 F,7 mph,0.0 in
2019-01-24,17,2019-01-24 17:00:00 UTC,2019-01-24 17:56:00 UTC,47 F,3 mph,0.0 in
2019-01-24,18,2019-01-24 18:00:00 UTC,2019-01-24 18:56:00 UTC,48 F,0 mph,0.0 in
2019-01-24,19,2019-01-24 19:00:00 UTC,2019-01-24 19:56:00 UTC,47 F,5 mph,0.0 in
2019-01-24,20,2019-01-24 20:00:00 UTC,2019-01-24 20:56:00 UTC,47 F,0 mph,0.0 in
2019-01-24,21,2019-01-24 21:00:00 UTC,2019-01-24 21:56:00 UTC,44 F,5 mph,0.0 in
2019-01-24,22,2019-01-24 22:00:00 UTC,2019-01-24 22:56:00 UTC,44 F,3 mph,0.0 in
2019-01-24,23,2019-01-24 23:00:00 UTC,2019-01-24 23:56:00 UTC,46 F,0 mph,0.0 in
2019-01-25,0,2019-01-25 00:00:00 UTC,2019-01-25 00:56:00 UTC,49 F,7 mph,0.0 in
2019-01-25,1,2019-01-25 01:00:00 UTC,2019-01-25 01:56:00 UTC,50 F,7 mph,0.0 in
2019-01-25,2,2019-01-25 02:00:00 UTC,2019-01-25 02:56:00 UTC,55 F,7 mph,0.0 in
2019-01-25,3,2019-01-25 03:00:00 UTC,2019-01-25 03:56:00 UTC,55 F,7 mph,0.0 in
2019-01-25,4,2019-01-25 04:00:00 UTC,2019-01-25 04:56:00 UTC,56 F,3 mph,0.0 in
2019-01-25,5,2019-01-25 05:00:00 UTC,2019-01-25 05:56:00 UTC,59 F,5 mph,0.0 in
2019-01-25,6,2019-01-25 06:00:00 UTC,2019-01-25 06:56:00 UTC,62 F,0 mph,0.0 in
2019-01-25,7,2019-01-25 07:00:00 UTC,2019-01-25 07:56:00 UTC,62 F,0 mph,0.0 in
2019-01-25,8,2019-01-25 08:00:00 UTC,2019-01-25 08:56:00 UTC,65 F,3 mph,0.0 in
2019-01-25,9,2019-01-25 09:00:00 UTC,2019-01-25 09:56:00 UTC,58 F,6 mph,0.0 in
2019-01-25,10,2019-01-25 10:00:00 UTC,2019-01-25 10:56:00 UTC,57 F,8 mph,0.0 in
2019-01-25,11,2019-01-25 11:00:00 UTC,2019-01-25 11:56:00 UTC,56 F,0 mph,0.0 in
2019-01-25,12,2019-01-25 12:00:00 UTC,2019-01-25 12:56:00 UTC,57 F,0 mph,0.0 in
2019-01-25,13,2019-01-25 13:00:00 UTC,2019-01-25 13:56:00 UTC,54 F,0 mph,0.0 in
2019-01-25,14,2019-01-25 14:00:00 UTC,2019-01-25 14:56:00 UTC,53 F,0 mph,0.0 in
2019-01-25,15,2019-01-25 15:00:00 UTC,2019-01-25 15:56:00 UTC,51 F,3 mph,0.0 in
2019-01-25,16,2019-01-25 16:00:00 UTC,2019-01-25 16:56:00 UTC,51 F,0 mph,0.0 in
2019-01-25,17,2019-01-25 17:00:00 UTC,2019-01-25 17:56:00 UTC,50 F,3 mph,0.0 in
2019-01-25,18,2019-01-25 18:00:00 UTC,2019-01-25 18:56:00 UTC,53 F,7 mph,0.0 in
2019-01-25,19,2019-01-25 19:00:00 UTC,2019-01-25 19:56:00 UTC,54 F,6 mph,0.0 in
2019-01-25,20,2019-01-25 20:00:00 UTC,2019-01-25 20:56:00 UTC,48 F,7 mph,0.0 in
2019-01-25,21,2019-01-25 21:00:00 UTC,2019-01-25 21:56:00 UTC,49 F,3 mph,0.0 in
2019-01-25,22,2019-01-25 22:00:00 UTC,2019-01-25 22:56:00 UTC,45 F,3 mph,0.0 in
2019-01-25,23,2019-01-25 23:00:00 UTC,2019-01-25 23:56:00 UTC,47 F,8 mph,0.0 in
2019-01-26,0,2019-01-26 00:00:00 UTC,2019-01-26 00:56:00 UTC,50 F,3 mph,0.0 in
2019-01-26,1,2019-01-26 01:00:00 UTC,2019-01-26 01:56:00 UTC,54 F,0 mph,0.0 in
2019-01-26,2,2019-01-26 02:00:00 UTC,2019-01-26 02:56:00 UTC,56 F,0 mph,0.0 in
2019-01-26,3,2019-01-26 03:00:00 UTC,2019-01-26 03:56:00 UTC,56 F,3 mph,0.0 in
2019-01-26,4,2019-01-26 04:00:00 UTC,2019-01-26 04:56:00 UTC,57 F,5 mph,0.0 in
2019-01-26,5,2019-01-26 05:00:00 UTC,2019-01-26 05:56:00 UTC,59 F,0 mph,0.0 in
2019-01-26,6,2019-01-26 06:00:00 UTC,2019-01-26 06:56:00 UTC,60 F,0 mph,0.0 in
2019-01-26,7,2019-01-26 07:00:00 UTC,2019-01-26 07:56:00 UTC,61 F,0 mph,0.0 in
2019-01-26,8,2019-01-26 08:00:00 UTC,2019-01-26 08:56:00 UTC,61 F,3 mph,0.0 in
2019-01-26,9,2019-01-26 09:00:00 UTC,2019-01-26 09:56:00 UTC,58 F,3 mph,0.0 in
2019-01-26,10,2019-01-26 10:00:00 UTC,2019-01-26 10:56:00 UTC,59 F,3 mph,0.0 in
2019-01-26,11,2019-01-26 11:00:00 UTC,2019-01-26 11:56:00 UTC,59 F,5 mph,0.0 in
2019-01-26,12,2019-01-26 12:00:00 UTC,2019-01-26 12:56:00 UTC,56 F,5 mph,0.0 in
2019-01-26,13,2019-01-26 13:00:00 UTC,2019-01-26 13:56:00 UTC,56 F,3 mph,0.0 in
2019-01-26,14,2019-01-26 14:00:00 UTC,2019-01-26 14:56:00 UTC,56 F,3 mph,0.0 in
2019-01-26,15,2019-01-26 15:00:00 UTC,2019-01-26 15:56:00 UTC,55 F,5 mph,0.0 in
2019-01-26,16,2019-01-26 16:00:00 UTC,2019-01-26 16:56:00 UTC,53 F,3 mph,0.0 in
2019-01-26,17,2019-01-26 17:00:00 UTC,2019-01-26 17:56:00 UTC,49 F,0 mph,0.0 in
2019-01-26,18,2019-01-26 18:00:00 UTC,2019-01-26 18:56:00 UTC,50 F,3 mph,0.0 in
2019-01-26,19,2019-01-26 19:00:00 UTC,2019-01-26 19:56:00 UTC,47 F,3 mph,0.0 in
2019-01-26,20,2019-01-26 20:00:00 UTC,2019-01-26 20:56:00 UTC,49 F,6 mph,0.0 in
2019-01-26,21,2019-01-26 21:00:00 UTC,2019-01-26 21:56:00 UTC,50 F,5 mph,0.0 in
2019-01-26,22,2019-01-26 22:00:00 UTC,2019-01-26 22:56:00 UTC,50 F,3 mph,0.0 in
2019-01-26,23,2019-01-26 23:00:00 UTC,2019-01-26 23:56:00 UTC,49 F,0 mph,0.0 in
2019-01-27,0,2019-01-27 00:00:00 UTC,2019-01-27 00:56:00 UTC,53 F,5 mph,0.0 in
2019-01-27,1,2019-01-27 01:00:00 UTC,2019-01-27 01:56:00 UTC,53 F,0 mph,0.0 in
2019-01-27,2,2019-01-27 02:00:00 UTC,2019-01-27 02:56:00 UTC,55 F,3 mph,0.0 in
2019-01-27,3,2019-01-27 03:00:00 UTC,2019-01-27 03:56:00 UTC,56 F,5 mph,0.0 in
2019-01-27,4,2019-01-27 04:00:00 UTC,2019-01-27 04:56:00 UTC,56 F,6 mph,0.0 in
2019-01-27,5,2019-01-27 05:00:00 UTC,2019-01-27 05:56:00 UTC,60 F,5 mph,0.0 in
2019-01-27,6,2019-01-27 06:00:00 UTC,2019-01-27 06:56:00 UTC,65 F,0 mph,0.0 in
2019-01-27,7,2019-01-27 07:00:00 UTC,2019-01-27 07:56:00 UTC,66 F,3 mph,0.0 in
2019-01-27,8,2019-01-27 08:00:00 UTC,2019-01-27 08:56:00 UTC,67 F,5 mph,0.0 in
2019-01-27,9,2019-01-27 09:00:00 UTC,2019-01-27 09:56:00 UTC,63 F,5 mph,0.0 in
2019-01-27,10,2019-01-27 10:00:00 UTC,2019-01-27 10:56:00 UTC,58 F,3 mph,0.0 in
2019-01-27,11,2019-01-27 11:00:00 UTC,2019-01-27 11:56:00 UTC,61 F,5 mph,0.0 in
2019-01-27,12,2019-01-27 12:00:00 UTC,2019-01-27 12:56:00 UTC,55 F,15 mph,0.0 in
2019-01-27,13,2019-01-27 13:00:00 UTC,2019-01-27 13:56:00 UTC,56 F,13 mph,0.0 in
2019-01-27,14,2019-01-27 14:00:00 UTC,2019-01-27 14:56:00 UTC,56 F,8 mph,0.0 in
2019-01-27,15,2019-01-27 15:00:00 UTC,2019-01-27 15:56:00 UTC,56 F,5 mph,0.0 in
2019-01-27,16,2019-01-27 16:00:00 UTC,2019-01-27 16:56:00 UTC,55 F,8 mph,0.0 in
2019-01-27,17,2019-01-27 17:00:00 UTC,2019-01-27 17:56:00 UTC,52 F,5 mph,0.0 in
2019-01-27,18,2019-01-27 18:00:00 UTC,2019-01-27 18:56:00 UTC,51 F,3 mph,0.0 in
2019-01-27,19,2019-01-27 19:00:00 UTC,2019-01-27 19:56:00 UTC,53 F,0 mph,0.0 in
2019-01-27,20,2019-01-27 20:00:00 UTC,2019-01-27 20:56:00 UTC,52 F,7 mph,0.0 in
2019-01-27,21,2019-01-27 21:00:00 UTC,2019-01-27 21:56:00 UTC,54 F,6 mph,0.0 in
2019-01-27,22,2019-01-27 22:00:00 UTC,2019-01-27 22:56:00 UTC,52 F,8 mph,0.0 in
2019-01-27,23,2019-01-27 23:00:00 UTC,2019-01-27 23:56:00 UTC,50 F,5 mph,0.0 in
2019-01-28,0,2019-01-28 00:00:00 UTC,2019-01-28 00:56:00 UTC,52 F,6 mph,0.0 in
2019-01-28,1,2019-01-28 01:00:00 UTC,2019-01-28 01:56:00 UTC,56 F,6 mph,0.0 in
2019-01-28,2,2019-01-28 02:00:00 UTC,2019-01-28 02:56:00 UTC,56 F,7 mph,0.0 in
2019-01-28,3,2019-01-28 03:00:00 UTC,2019-01-28 03:56:00 UTC,59 F,0 mph,0.0 in
2019-01-28,4,2019-01-28 04:00:00 UTC,2019-01-28 04:56:00 UTC,58 F,3 mph,0.0 in
2019-01-28,5,2019-01-28 05:00:00 UTC,2019-01-28 05:56:00 UTC,59 F,0 mph,0.0 in
2019-01-28,6,2019-01-28 06:00:00 UTC,2019-01-28 06:56:00 UTC,61 F,16 mph,0.0 in
2019-01-28,7,2019-01-28 07:00:00 UTC,2019-01-28 07:56:00 UTC,60 F,13 mph,0.0 in
2019-01-28,8,2019-01-28 08:00:00 UTC,2019-01-28 08:56:00 UTC,62 F,10 mph,0.0 in
2019-01-28,9,2019-01-28 09:00:00 UTC,2019-01-28 09:56:00 UTC,58 F,13 mph,0.0 in
2019-01-28,10,2019-01-28 10:00:00 UTC,2019-01-28 10:56:00 UTC,56 F,18 mph,0.0 in
2019-01-28,11,2019-01-28 11:00:00 UTC,2019-01-28 11:56:00 UTC,56 F,14 mph,0.0 in
2019-01-28,12,2019-01-28 12:00:00 UTC,2019-01-28 12:56:00 UTC,56 F,13 mph,0.0 in
2019-01-28,13,2019-01-28 13:00:00 UTC,2019-01-28 13:56:00 UTC,55 F,7 mph,0.0 in
2019-01-28,14,2019-01-28 14:00:00 UTC,2019-01-28 14:56:00 UTC,56 F,0 mph,0.0 in
2019-01-28,15,2019-01-28 15:00:00 UTC,2019-01-28 15:56:00 UTC,56 F,0 mph,0.0 in
2019-01-28,16,2019-01-28 16:00:00 UTC,2019-01-28 16:56:00 UTC,52 F,12 mph,0.0 in
2019-01-28,17,2019-01-28 17:00:00 UTC,2019-01-28 17:56:00 UTC,53 F,7 mph,0.0 in
2019-01-28,18,2019-01-28 18:00:00 UTC,2019-01-28 18:56:00 UTC,52 F,5 mph,0.0 in
2019-01-28,19,2019-01-28 19:00:00 UTC,2019-01-28 19:56:00 UTC,55 F,3 mph,0.0 in
2019-01-28,20,2019-01-28 20:00:00 UTC,2019-01-28 20:56:00 UTC,53 F,6 mph,0.0 in
2019-01-28,21,2019-01-28 21:00:00 UTC,2019-01-28 21:56:00 UTC,53 F,3 mph,0.0 in
2019-01-28,22,2019-01-28 22:00:00 UTC,2019-01-28 22:56:00 UTC,53 F,3 mph,0.0 in
2019-01-28,23,2019-01-28 23:00:00 UTC,2019-01-28 23:56:00 UTC,52 F,0 mph,0.0 in
2019-01-29,0,2019-01-29 00:00:00 UTC,2019-01-29 00:56:00 UTC,53 F,5 mph,0.0 in
2019-01-29,1,2019-01-29 01:00:00 UTC,2019-01-29 01:56:00 UTC,56 F,7 mph,0.0 in
2019-01-29,2,2019-01-29 02:00:00 UTC,2019-01-29 02:56:00 UTC,55 F,9 mph,0.0 in
2019-01-29,3,2019-01-29 03:00:00 UTC,2019-01-29 03:56:00 UTC,55 F,7 mph,0.0 in
2019-01-29,4,2019-01-29 04:00:00 UTC,2019-01-29 04:56:00 UTC,57 F,0 mph,0.0 in
2019-01-29,5,2019-01-29 05:00:00 UTC,2019-01-29 05:56:00 UTC,58 F,7 mph,0.0 in
2019-01-29,6,2019-01-29 06:00:00 UTC,2019-01-29 06:56:00 UTC,58 F,7 mph,0.0 in
2019-01-29,7,2019-01-29 07:00:00 UTC,2019-01-29 07:56:00 UTC,58 F,15 mph,0.0 in
2019-01-29,8,2019-01-29 08:00:00 UTC,2019-01-29 08:56:00 UTC,55 F,17 mph,0.0 in
2019-01-29,9,2019-01-29 09:00:00 UTC,2019-01-29 09:56:00 UTC,56 F,13 mph,0.0 in
2019-01-29,10,2019-01-29 10:00:00 UTC,2019-01-29 10:56:00 UTC,52 F,14 mph,0.0 in
2019-01-29,11,2019-01-29 11:00:00 UTC,2019-01-29 11:56:00 UTC,53 F,12 mph,0.0 in
2019-01-29,12,2019-01-29 12:00:00 UTC,2019-01-29 12:56:00 UTC,52 F,16 mph,0.0 in
2019-01-29,13,2019-01-29 13:00:00 UTC,2019-01-29 13:56:00 UTC,52 F,15 mph,0.0 in
2019-01-29,14,2019-01-29 14:00:00 UTC,2019-01-29 14:56:00 UTC,54 F,8 mph,0.0 in
2019-01-29,15,2019-01-29 15:00:00 UTC,2019-01-29 15:56:00 UTC,53 F,7 mph,0.0 in
2019-01-29,16,2019-01-29 16:00:00 UTC,2019-01-29 16:56:00 UTC,52 F,0 mph,0.0 in
2019-01-29,17,2019-01-29 17:00:00 UTC,2019-01-29 17:56:00 UTC,53 F,15 mph,0.0 in
2019-01-29,18,2019-01-29 18:00:00 UTC,2019-01-29 18:56:00 UTC,54 F,14 mph,0.0 in
2019-01-29,19,2019-01-29 19:00:00 UTC,2019-01-29 19:56:00 UTC,53 F,6 mph,0.0 in
2019-01-29,20,2019-01-29 20:00:00 UTC,2019-01-29 20:56:00 UTC,52 F,6 mph,0.0 in
2019-01-29,21,2019-01-29 21:00:00 UTC,2019-01-29 21:56:00 UTC,53 F,0 mph,0.0 in
2019-01-29,22,2019-01-29 22:00:00 UTC,2019-01-29 22:56:00 UTC,54 F,7 mph,0.0 in
2019-01-29,23,2019-01-29 23:00:00 UTC,2019-01-29 23:56:00 UTC,55 F,0 mph,0.0 in
2019-01-30,0,2019-01-30 00:00:00 UTC,2019-01-30 00:56:00 UTC,52 F,6 mph,0.0 in
2019-01-30,1,2019-01-30 01:00:00 UTC,2019-01-30 01:56:00 UTC,52 F,0 mph,0.0 in
2019-01-30,2,2019-01-30 02:00:00 UTC,2019-01-30 02:56:00 UTC,53 F,5 mph,0.0 in
2019-01-30,3,2019-01-30 03:00:00 UTC,2019-01-30 03:56:00 UTC,53 F,6 mph,0.0 in
2019-01-30,4,2019-01-30 04:00:00 UTC,2019-01-30 04:56:00 UTC,55 F,6 mph,0.0 in
2019-01-30,5,2019-01-30 05:00:00 UTC,2019-01-30 05:56:00 UTC,55 F,6 mph,0.0 in
2019-01-30,6,2019-01-30 06:00:00 UTC,2019-01-30 06:56:00 UTC,58 F,5 mph,0.0 in
2019-01-30,7,2019-01-30 07:00:00 UTC,2019-01-30 07:56:00 UTC,59 F,3 mph,0.0 in
2019-01-30,8,2019-01-30 08:00:00 UTC,2019-01-30 08:56:00 UTC,57 F,5 mph,0.0 in
2019-01-30,9,2019-01-30 09:00:00 UTC,2019-01-30 09:56:00 UTC,55 F,0 mph,0.0 in
2019-01-30,10,2019-01-30 10:00:00 UTC,2019-01-30 10:56:00 UTC,56 F,0 mph,0.0 in
2019-01-30,11,2019-01-30 11:00:00 UTC,2019-01-30 11:56:00 UTC,58 F,7 mph,0.0 in
2019-01-30,12,2019-01-30 12:00:00 UTC,2019-01-30 12:56:00 UTC,56 F,7 mph,0.0 in
2019-01-30,13,2019-01-30 13:00:00 UTC,2019-01-30 13:56:00 UTC,55 F,10 mph,0.0 in
2019-01-30,14,2019-01-30 14:00:00 UTC,2019-01-30 14:56:00 UTC,55 F,13 mph,0.0 in
2019-01-30,15,2019-01-30 15:00:00 UTC,2019-01-30 15:56:00 UTC,55 F,7 mph,0.0 in
2019-01-30,16,2019-01-30 16:00:00 UTC,2019-01-30 16:56:00 UTC,53 F,8 mph,0.1 in
2019-01-30,17,2019-01-30 17:00:00 UTC,2019-01-30 17:56:00 UTC,50 F,5 mph,0.0 in
2019-01-30,18,2019-01-30 18:00:00 UTC,2019-01-30 18:56:00 UTC,50 F,9 mph,0.0 in
2019-01-30,19,2019-01-30 19:00:00 UTC,2019-01-30 19:56:00 UTC,50 F,6 mph,0.0 in
2019-01-30,20,2019-01-30 20:00:00 UTC,2019-01-30 20:56:00 UTC,50 F,0 mph,0.0 in
2019-01-30,21,2019-01-30 21:00:00 UTC,2019-01-30 21:56:00 UTC,50 F,0 mph,0.0 in
2019-01-30,22,2019-01-30 22:00:00 UTC,2019-01-30 22:56:00 UTC,50 F,5 mph,0.0 in
2019-01-30,23,2019-01-30 23:00:00 UTC,2019-01-30 23:56:00 UTC,52 F,5 mph,0.0 in
2019-01-31,0,2019-01-31 00:00:00 UTC,2019-01-31 00:56:00 UTC,55 F,6 mph,0.0 in
2019-01-31,1,2019-01-31 01:00:00 UTC,2019-01-31 01:56:00 UTC,56 F,5 mph,0.0 in
2019-01-31,2,2019-01-31 02:00:00 UTC,2019-01-31 02:56:00 UTC,55 F,5 mph,0.0 in
2019-01-31,3,2019-01-31 03:00:00 UTC,2019-01-31 03:56:00 UTC,56 F,0 mph,0.0 in
2019-01-31,4,2019-01-31 04:00:00 UTC,2019-01-31 04:56:00 UTC,56 F,3 mph,0.0 in
2019-01-31,5,2019-01-31 05:00:00 UTC,2019-01-31 05:56:00 UTC,56 F,10 mph,0.0 in
2019-01-31,6,2019-01-31 06:00:00 UTC,2019-01-31 06:56:00 UTC,58 F,8 mph,0.0 in
2019-01-31,7,2019-01-31 07:00:00 UTC,2019-01-31 07:56:00 UTC,57 F,7 mph,0.0 in
2019-01-31,8,2019-01-31 08:00:00 UTC,2019-01-31 08:56:00 UTC,58 F,3 mph,0.0 in
2019-01-31,9,2019-01-31 09:00:00 UTC,2019-01-31 09:56:00 UTC,58 F,6 mph,0.0 in
2019-01-31,10,2019-01-31 10:00:00 UTC,2019-01-31 10:56:00 UTC,55 F,5 mph,0.0 in
2019-01-31,11,2019-01-31 11:00:00 UTC,2019-01-31 11:56:00 UTC,56 F,6 mph,0.0 in
2019-01-31,12,2019-01-31 12:00:00 UTC,2019-01-31 12:56:00 UTC,55 F,3 mph,0.0 in
2019-01-31,13,2019-01-31 13:00:00 UTC,2019-01-31 13:56:00 UTC,56 F,7 mph,0.0 in
2019-01-31,14,2019-01-31 14:00:00 UTC,2019-01-31 14:56:00 UTC,56 F,8 mph,0.0 in
2019-01-31,15,2019-01-31 15:00:00 UTC,2019-01-31 15:56:00 UTC,56 F,8 mph,0.0 in
2019-01-31,16,2019-01-31 16:00:00 UTC,2019-01-31 16:56:00 UTC,56 F,6 mph,0.0 in
2019-01-31,17,2019-01-31 17:00:00 UTC,2019-01-31 17:56:00 UTC,52 F,0 mph,0.2 in
2019-01-31,18,2019-01-31 18:00:00 UTC,2019-01-31 18:56:00 UTC,53 F,3 mph,0.1 in
2019-01-31,19,2019-01-31 19:00:00 UTC,2019-01-31 19:56:00 UTC,53 F,6 mph,0.0 in
2019-01-31,20,2019-01-31 20:00:00 UTC,2019-01-31 20:56:00 UTC,53 F,9 mph,0.1 in
2019-01-31,21,2019-01-31 21:00:00 UTC,2019-01-31 21:56:00 UTC,52 F,7 mph,0.0 in
2019-01-31,22,2019-01-31 22:00:00 UTC,2019-01-31 22:56:00 UTC,53 F,0 mph,0.0 in
2019-01-31,23,2019-01-31 23:00:00 UTC,2019-01-31 23:56:00 UTC,53 F,7 mph,0.0 in
